,WELLNAME,FILTERED_MD_LAST_VALUE,FILTERED_TVD_LAST_VALUE,Обводненность_для_расчета_PVT_параметров,Глубина_по_стволу_cs,Внутренний_диаметр_эксплуатационной_колонны_cs,Внутренняя_шероховатость_эксплуатационной_колонны_cs,Глубина_по_стволу,Внутренний_диаметр_НКТ,Внутренняя_шероховатость_НКТ,Внешний_диаметр_НКТ,Внутренний_диаметр_эксплуатационной_колонны,Газовый_фактор,Коэффициент_продуктиности,Забойное давление,Глубина_спуска_ЭЦН_по_стволу_MD,Коэффициент_износа,Содержание_растворенного_газа,Плотность_нефти,Удельный_вес_газа,Корреляция_вязкости_нефти,Пластовое_давление
0,1-Tunj,3026.0,3025.8,1.200000048,3026.0,0.113,0.0001524,2851.75,0.062,0.0001524,0.073,0.1598,187.626420312,5.967998276,133.769762686496,2851.749876563,0.899999976,143.899994995,867.399978143,0.879400015,1,300.103132602
1,1001_AR,3960.0,2951.11,89.0,3160.0,0.1596,1.524e-05,3145.0,0.062,1.524e-05,0.073,0.1596,56.011298767,5.503470146,20.7459709838503,3144.999921094,0.0,255.13300127,858.935000863,0.661599994,1,218.711452026
2,1003_AR,3960.0,2951.11,61.099998474,3160.0,0.1596,1.524e-05,3145.0,0.062,1.524e-05,0.073,0.1596,271.653505225,6.423727835,61.1579978542197,3144.999921094,0.5,255.13300127,858.935000863,0.661599994,1,160.364419418
3,1004_AR,3491.9,2969.31,94.150001526,3491.9,0.1596,0.0001524,3135.0,0.062,0.0001524,0.073,0.1596,2093.406536719,0.574878576,30.3486777793038,3134.999861719,-0.050000001,255.13200625,858.935000863,0.661599994,2,187.037349091
4,1009_AR,3625.24,3120.53,82.199996948,3490.6,0.1596,0.0001524,3149.0,0.062,0.0001524,0.073,0.1596,1185.995446875,4.112800927,55.1256861424323,3149.000123437,0.200000003,255.13200625,858.935000863,0.661599994,2,186.350903314
5,1009_AR_FPZ,3625.24,3120.53,79.400001526,3490.6,0.1596,0.0001524,3149.0,0.062,0.0001524,0.073,0.1596,901.919447266,20.224315985,75.0639715687156,3149.000123437,0.0,255.13200625,858.935000863,0.661599994,2,240.285156779
6,100_URM_INJ,3870.0,3133.0,100.0,3344.863028571429,0.15573714285714282,0.00010223862857142857,2938.4441242937855,0.062795293220339,0.00011374395480225989,0.07370225988700564,0.15823502824858754,285.943002344,1.000000027,88.1868872236737,0.0,0.0,285.943002344,833.945999661,0.993130028,0,167.719084989
7,1010_AR,4003.0,3094.83,93.150001526,3558.2,0.1596,0.0001524,3092.0,0.062,0.0001524,0.073,0.1596,1384.959119727,3.288748328,20.1043919895286,3092.000142187,0.109999999,255.13200625,858.935000863,0.661599994,2,109.862352758
8,1011_AR,3200.0,3111.43,47.200000763,3158.0,0.1596,0.0001524,2899.97,0.062,0.0001524,0.073,0.1596,1032.332244531,0.813329273,78.2027093634354,2899.969891406,0.0,255.13200625,858.935000863,0.661599994,2,192.234642504
9,1012_AR,3266.0,3252.97,85.599998474,3097.0,0.1596,0.0001524,2967.5,0.062,0.0001524,0.073,0.1596,746.204774219,2.029685471,52.0930908855505,2967.500057813,0.430000007,255.13200625,858.935000863,0.661599994,2,193.215276924
10,1013_AR,3583.0,3071.89,50.700000763,3583.0,0.1596,0.0001524,2835.8,0.062,0.0001524,0.073,0.1596,256.000009375,1.198850457,81.4445239554892,2835.799966406,0.370000005,255.13200625,858.935000863,0.661599994,2,203.021486464
11,1017_AR,3710.0,3037.91,5.900000095,3710.0,0.1596,0.0001524,3309.71,0.062,0.0001524,0.073,0.1596,4814.354760156,0.188660486,68.1345640205517,0.0,0.0,255.13200625,858.935000863,0.661599994,2,153.009753847
12,1019_AR,3875.0,3068.91,15.600000381,3875.0,0.16,0.0001524,3032.06,0.062,0.0001524,0.073,0.16,1602.028687109,1.30631339,81.5753298182988,0.0,0.0,255.13200625,858.935000863,0.661599994,2,186.056731504
13,101_KULG,3180.0,3065.73,85.0,3175.63,0.1596,1.524e-05,3042.45,0.062,1.524e-05,0.073,0.1596,81.999997595,7.27534414,32.578515924392,3042.449901563,0.029999999,173.299999316,847.000006759,0.66267997,2,305.006254204
14,101_URM,3320.0,3063.63,95.099998474,3300.0,0.1596,0.0001524,3163.85,0.062,0.0001524,0.073,0.1596,2195.572027344,5.260157563,18.2339233629372,3163.849896094,0.100000001,285.943002344,833.945999661,0.993130028,0,124.571692316
15,103_URM,3427.0,3022.7,98.900001526,3427.0,0.1596,0.0001524,3047.78,0.062,0.0001524,0.073,0.1596,10929.717457812,1.119744688,7.54572992791077,3047.780032031,-0.029999999,195.277990723,1035.999999665,0.811839998,0,163.796597807
16,104_KULG,3592.0,3075.43,61.0,3592.0,0.1596,1.524e-05,3065.24,0.062,1.524e-05,0.073,0.1596,239.738837793,7.179291612,106.548009330609,3065.239952344,0.0,173.299999316,847.000006759,0.66267997,2,280.490679857
17,106_KULG,3307.0,3116.08,59.549999237,3307.0,0.1596,1.524e-05,3115.4,0.062,1.524e-05,0.073,0.1596,256.000009375,3.929894402,119.861924504792,3115.350084375,0.0,173.299999316,847.000006759,0.66267997,2,319.715585347
18,106_URM,3674.16,3076.72,95.099998474,3674.16,0.1086,1.524e-05,3383.55,0.062,1.524e-05,0.073,0.159,2496.919489453,5.281963768,18.5076542173513,3383.549974219,-0.02,255.13200625,858.934961084,0.661599994,2,126.532935908
19,108_URM,3372.0,3094.41,74.699996948,3323.0,0.1596,0.0001524,3210.78,0.062,0.0001524,0.073,0.1596,817.147244141,1.44080991,39.6995502646138,3210.77986875,0.02,285.943002344,833.945999661,0.993130028,0,117.118958253
20,109_URM,3220.0,3119.47,59.0,3120.0,0.1596,0.0001524,2929.87,0.062,0.0001524,0.073,0.1596,3356.620344531,0.163156386,89.1563409715056,2929.870057031,0.109999999,285.943002344,833.945999661,0.993130028,0,231.459547994
21,1104_AR,3705.0,3111.4,42.5,3596.39,0.1596,0.0001524,3290.81,0.062,0.0001524,0.073,0.1596,637.962699316,2.199996692,69.1115889778936,3291.000014063,0.430000007,255.13200625,858.935000863,0.661599994,2,167.032639211
22,110_URM,3163.42,3038.77,76.599998474,3163.42,0.1596,1.524e-05,2935.16,0.062,1.524e-05,0.073,0.1596,2719.169647656,0.372306834,54.4609528705479,2935.160003906,0.449999988,285.943002344,833.945999661,0.993130028,0,165.757832981
23,1124_AR_INJ,4130.0,3128.26,100.0,1172.0,0.16,0.0001524,494.0,0.062,0.0001524,0.073,0.16,104.64679895,10.180200125,-2122.13145713854,0.0,0.0,255.13200625,858.935000863,0.661599994,0,99.075508798
24,112_URM_INJ,3265.0,3094.14,100.0,3253.0,0.16,0.0001524,3138.0,0.0677368,0.0001524,0.079,0.16,0.0,1.463580005,-45747.8042306572,0.0,0.0,285.943002344,833.945999661,0.993130028,0,293.238775824
25,114_URM,3320.0,3063.63,86.900001526,3288.1,0.1596,0.0001524,3017.32,0.062,0.0001524,0.073,0.1596,269.999999072,0.523441381,1.16134563187731,3017.319975,0.140000001,285.943002344,833.945999661,0.993130028,0,194.195894511
26,1179_AR,3190.0,3024.7,86.0,3184.0,0.1596,0.0001524,2945.0,0.062,0.0001524,0.073,0.1596,16368.750325,0.097766893,49.3781718516233,2949.729979687,0.0,285.943002344,833.945999661,0.993130028,0,185.370285726
27,1201_AR,3890.0,3077.02,86.800003052,3610.0,0.1596,0.0001524,3258.55,0.062,1.524e-05,0.073,0.1596,3002.573360156,0.831798355,35.2012658903663,3258.550125,0.07,255.13200625,858.935000863,0.661599994,2,135.06435605
28,1202_AR,3667.0,3082.18,92.300003052,3564.1,0.1596,0.0001524,3187.17,0.0647,0.0001524,0.0757,0.1596,3092.145883594,1.498974679,23.4209457682093,3186.489928125,0.310000002,255.13200625,858.935000863,0.661599994,2,119.66857913
29,1205_AR,3807.0,3082.46,66.199996948,3580.0,0.1596,1.524e-05,3180.0,0.062,1.524e-05,0.073,0.1596,511.77851875,2.077265319,40.9810079373298,3180.000128906,0.340000004,255.13200625,858.935000863,0.661599994,2,110.842978761
30,1206_AR,3605.0,3085.72,46.25,3555.0,0.1596,0.0001524,3377.0,0.062,0.0001524,0.073,0.1596,4542.616829688,0.46784773,87.589578962615,0.0,0.0,185.24799917,859.030003704,0.667810023,1,214.788964844
31,1207_AR,3790.0,3061.67,45.099998474,3368.0,0.1596,0.0001524,2763.4,0.062,0.0001524,0.073,0.1596,525.999986816,0.44973442,115.533101949581,2763.40014375,0.230000004,255.13200625,858.935000863,0.661599994,2,282.648052015
32,1208_AR,3848.0,3068.16,34.75,3448.0,0.1596,0.0001524,3379.8,0.062,0.0001524,0.073,0.1596,2561.663939453,0.917062683,60.9038438175782,0.0,0.0,255.13200625,858.935000863,0.661599994,2,143.889956419
33,120G_URM,3850.0,3001.92,98.400001526,3845.0,0.1596,0.0001524,3432.6,0.062,0.0001524,0.073,0.1596,3071.63740625,0.67415006,11.414222079804,3432.599854688,0.015,285.943002344,833.945999661,0.993130028,0,186.448971806
34,1210_AR,3520.0,3040.65,85.349998474,3520.0,0.1596,1.524e-05,3111.0,0.062,1.524e-05,0.073,0.1596,3841.826477344,0.894910533,33.612323770536,3111.000135938,0.0,255.13200625,858.935000863,0.661599994,1,122.610448725
35,1212_AR,3750.0,2944.84,96.150001526,3701.0,0.1596,0.0001524,3270.79,0.062,0.0001524,0.073,0.1596,1429.060634961,1.922869758,13.369807401631,3270.790047656,0.0,255.13200625,858.935000863,0.661599994,2,106.920483163
36,1214_AR,4001.0,3086.17,90.300003052,3456.43,0.1596,0.0001524,3183.58,0.062,0.0001524,0.073,0.1596,705.639774707,3.262091474,28.8470103625747,3183.580040625,0.07,255.13200625,858.935000863,0.661599994,2,129.474805503
37,1216_AR,3535.93,3061.21,37.150001526,3535.93,0.1596,0.0001524,2934.0,0.062,0.0001524,0.073,0.1596,1303.94004375,0.709848553,50.0272375099466,2934.0000375,0.360000014,255.13200625,858.935000863,0.661599994,2,118.687953126
38,121G_URM,3268.0,3022.12,69.449996948,3268.0,0.1596,0.0001524,3094.98,0.062,0.0001524,0.073,0.1596,4345.559354687,0.252734304,79.0095596091759,0.0,0.0,285.943002344,833.945999661,0.993130028,0,221.653321621
39,1224_AR_NFW,3924.0,3062.26,51.299999237,3738.0,0.1596,0.0001524,3305.4,0.062,0.0001524,0.073,0.1596,4349.035866406,0.417553857,82.4232551615121,0.0,0.0,255.13200625,858.935000863,0.661599994,2,206.061424551
40,1226_AR,3670.0,3064.59,37.799999237,3482.9,0.1596,0.0001524,3052.9,0.062,0.0001524,0.073,0.1596,3553.699969531,3.140810128,77.6822157033221,3052.900017187,0.0,255.13200625,858.935000863,0.661599994,2,185.370285726
41,1226_AR_NFW,3670.0,3064.59,44.599998474,3482.9,0.1596,0.0001524,3052.9,0.062,0.0001524,0.073,0.1596,4351.714632031,0.652585893,66.4334074155792,0.0,0.0,255.13200625,858.935000863,0.661599994,2,161.639225648
42,122_URM,3880.0,3075.0,95.099998474,3841.0,0.1596,0.0001524,3487.55,0.062,0.0001524,0.073,0.1596,3459.438914062,1.779061317,15.1485936940536,3487.549877344,0.0,285.943002344,833.945999661,0.993130028,0,102.311558619
43,123_URM,3579.7329775280896,3055.6238764044947,70.61693192439203,3344.863028571429,0.15573714285714282,0.00010223862857142857,2938.4441242937855,0.062795293220339,0.00011374395480225989,0.07370225988700564,0.15823502824858754,2128.045113809023,9.216998375051427,-520.309646568964,0.0,0.0,285.942331787,833.945774672,0.993130028,0,1.013253489
44,125_URM_INJ,3450.0,3056.04,100.0,1568.0,0.16,0.0001524,1408.0,0.078,0.0001524,0.089,0.16,0.0,8.738949847,-4231.08896529789,0.0,0.0,285.943002344,833.945999661,0.993130028,0,167.719084989
45,126_URM,3475.4,3084.93,95.900001526,3430.37,0.1602,0.0001524,3248.28,0.062,0.0001524,0.073,0.1602,338.597272852,0.654423304,1.11437169875902,3072.850129688,0.02,285.943002344,833.945999661,0.993130028,0,225.575808804
46,127_URM,3475.4,3084.93,96.099998474,3430.37,0.1602,0.0001524,3248.28,0.062,0.0001524,0.073,0.1602,1221.006031055,4.694264446,13.9443828498569,3248.280091406,0.02,285.943002344,833.945999661,0.993130028,0,110.842978761
47,128_URM,3652.0,3127.89,63.799999237,3651.81,0.1596,1.524e-05,3166.83,0.062,1.524e-05,0.073,0.1596,3281.909778906,0.715293232,38.8300310667205,3166.830030469,0.150000006,269.734999414,852.727991563,0.961179972,1,102.999999096
48,129_URM,3507.1,3113.35,96.800003052,3507.1,0.1596,1.524e-05,3222.65,0.062,1.524e-05,0.073,0.1596,5632.089152344,0.838420785,18.5479974712887,3222.650102344,0.119999997,269.734999414,852.727991563,0.961179972,1,175.000005613
49,1303_AR,3541.34,3078.66,81.0,3500.11,0.1596,0.0001524,3134.77,0.063,0.0001524,0.074,0.1596,613.073021191,5.555609538,35.7246658841778,3134.770071094,0.180000007,255.13200625,858.935000863,0.661599994,2,116.726709535
50,1304_AR,3890.0,3117.07,96.800003052,3724.0,0.1596,0.0001524,3153.05,0.062,0.0001524,0.073,0.1596,728.639218555,1.568091343,14.2657885147304,3153.050034375,0.119999997,185.24799917,859.030003704,0.667810023,1,132.416675098
51,1307_AR,3577.22,3094.61,97.75,3577.22,0.1596,0.0001524,3169.28,0.062,0.0001524,0.073,0.1596,6457.777817187,0.933992262,10.3625198089584,3171.480016406,0.209999993,255.13200625,858.935000863,0.661599994,2,124.571692316
52,1309_AR,4254.0,3076.93,89.099998474,3342.33,0.1596,0.0001524,3061.63,0.062,0.0001524,0.073,0.1596,1273.280809766,1.978847667,27.7593971986735,3061.629977344,0.01,185.24799917,859.030003704,0.667810023,1,116.726709535
53,130_URM,3600.0,3122.38,65.400001526,3600.0,0.1596,1.524e-05,3179.64,0.062,1.524e-05,0.073,0.1596,905.795956836,1.253946392,31.3229643684822,3179.639964844,0.0,285.943002344,833.945999661,0.993130028,0,124.999997112
54,1310_AR,3511.0,3065.59,95.050003052,3511.0,0.1596,0.0001524,3210.51,0.063,0.0001524,0.074,0.1596,777.983881055,0.735880659,19.5945719248122,3210.509894531,0.079999998,255.13200625,858.935000863,0.661599994,2,133.397292685
55,1315_AR,4116.0,3062.42,90.900001526,3498.79,0.1596,0.0001524,3171.81,0.062,0.0001524,0.073,0.1596,2574.609922266,0.877589997,33.9618512326603,3171.810117188,0.189999998,255.13200625,858.935000863,0.661599994,2,158.883679454
56,1316_AR,3320.0,3062.83,83.300003052,3320.0,0.1596,0.0001524,2911.82,0.062,0.0001524,0.073,0.1596,708.565088867,1.387582791,37.8104390596381,2911.819884375,0.01,255.13200625,858.935000863,0.661599994,2,130.45542309
57,131_URM,3448.94,3039.08,76.599998474,3448.94,0.1596,1.524e-05,3174.92,0.062,1.524e-05,0.073,0.1596,1131.911290039,3.906476262,35.6304395373193,3174.920029688,0.090000004,285.943002344,833.945999661,0.993130028,0,107.704980599
58,1323_AR,3619.08,3069.94,88.199996948,3544.75,0.1596,0.0001524,3031.77,0.062,0.0001524,0.073,0.1596,490.423712402,2.846114641,35.745075544063,3031.769995313,0.029999999,255.13200625,858.935000863,0.661599994,2,145.164762649
59,132_URM,3597.26,3065.65,91.699996948,3597.26,0.1596,1.524e-05,3210.25,0.062,1.524e-05,0.073,0.1596,1042.921675,6.367471191,22.3737191324965,3211.249867969,0.0,269.734999414,852.727991563,0.961179972,1,109.000003145
60,1331_AR,3641.0,3068.66,76.400001526,3362.24,0.1596,1.524e-05,2958.12,0.062,1.524e-05,0.073,0.1596,1076.048211328,1.920452405,35.3800240973427,2958.120016406,0.050000001,185.248431787,859.029864446,0.667810023,1,106.626302936
61,1333_AR,3600.0,3070.98,86.949996948,3598.0,0.1596,0.0001524,3197.51,0.062,0.0001524,0.073,0.1596,457.516339941,0.904325125,35.3105463980737,3197.510055469,0.165000007,255.13200625,858.935000863,0.661599994,2,136.33916228
62,1340_AR,3780.0,3073.22,52.0,3517.71,0.1596,0.0001524,3144.43,0.062,0.0001524,0.073,0.1596,337.520553564,1.887998743,51.5002487482739,3144.429909375,0.01,255.13200625,858.935000863,0.661599994,2,128.494179499
63,1341_AR,3525.21,3062.02,89.400001526,3525.21,0.1596,0.0001524,3121.53,0.062,0.0001524,0.073,0.1596,657.645440234,4.336205397,28.4674633351907,3121.530023437,0.0,255.13200625,858.935000863,0.661599994,2,121.629822721
64,1342_AR,3750.0,3080.22,93.300003052,3390.73,0.1596,0.0001524,2977.46,0.062,0.0001524,0.073,0.1596,256.000009375,1.576746698,22.5434463096652,2977.459933594,-0.300000012,255.13200625,858.935000863,0.661599994,2,125.55231832
65,1350_AR,3462.59,3085.46,78.300003052,3379.29,0.1596,0.0001524,2930.64,0.062,0.0001524,0.073,0.1596,1487.711152734,0.546140658,38.4665429358736,2930.64009375,0.239999995,255.13200625,858.935000863,0.661599994,2,119.66857913
66,1351_AR,3511.6,3080.07,52.799999237,3438.0,0.1596,0.0001524,2990.14,0.062,0.0001524,0.073,0.1596,1595.661773437,0.785924934,52.3300246326286,2990.140089844,0.0,255.13200625,858.935000863,0.661599994,2,131.043800376
67,135_URM,3435.2,3045.3,92.150001526,3435.2,0.156,1.524e-05,3093.1,0.062,1.524e-05,0.073,0.156,2541.891257422,1.585410986,23.5857552902285,3093.099982031,0.01,285.943002344,833.945999661,0.993130028,0,119.099997338
68,141_KLG,3008.0,3007.8,49.200000763,2637.0,0.122,1.524e-05,2458.16,0.062,1.524e-05,0.073,0.122,380.887419922,12.549398321,41.8744621208184,2458.160058984,0.219999999,78.79999856,839.999999094,0.803229272,1,102.99799598
69,147_KLG,3200.0,3199.0,0.0,2659.0,0.127,1.524e-05,2624.0,0.062,1.524e-05,0.073,0.1596,78.79999856,9.216998375051427,-520.309646568964,0.0,0.0,78.79999856,839.999999094,0.803229988,1,197.137764107
70,149_URM,3584.0,3079.01,97.0,3550.0,0.1596,0.0001524,3411.42,0.062,0.0001524,0.073,0.1596,2067.759605469,3.502851459,12.4770517526596,3411.420124219,0.079999998,195.277990723,1035.999999665,0.811839998,0,120.649205134
71,156_URM,3230.0,2745.76,27.0,3344.863028571429,0.15573714285714282,0.00010223862857142857,3196.79,0.076,1.524e-05,0.073,0.1596,4582.620075781,3.029202316,118.986984812438,0.0,0.0,285.942007324,833.945999661,0.993130028,0,277.548810262
72,1601_AR,4000.0,3074.17,72.800003052,3520.07,0.159,0.0001524,3313.0,0.062,0.0025,0.073,0.159,352.473642187,2.71391205,30.1366647624641,3313.9999125,0.129999995,255.13200625,858.935000863,0.661599994,2,86.32741283
73,1604_AR,4117.47,3065.67,52.200000763,3354.5,0.1596,0.0001524,3024.61,0.062,0.0001524,0.073,0.1596,815.658175781,1.481549755,48.3388326963224,3024.609874219,0.219999999,255.13200625,858.935000863,0.661599994,2,120.649205134
74,1605_AR,3328.0,3041.25,81.449996948,3328.0,0.159,0.0001524,2887.43,0.062,0.0001524,0.073,0.159,904.088070703,1.310075763,39.4586523429329,2887.42993125,0.400000006,255.13200625,858.935000863,0.661599994,2,130.45542309
75,1606_AR,3401.29,3057.36,89.25,3401.29,0.1596,1.524e-05,2881.23,0.062,1.524e-05,0.073,0.1596,4912.325594531,1.05116742,25.983709045141,2881.230049219,0.219999999,255.13200625,858.935000863,0.661599994,2,109.829722175
76,1607_AR,4215.0,3071.24,77.800003052,3432.12,0.1596,0.0001524,3216.54,0.062,0.0001524,0.073,0.1596,756.233013672,1.468756119,38.4162282367024,3216.5401125,0.0,255.13200625,858.935000863,0.661599994,2,118.491832975
77,1608_AR,4170.0,3078.87,61.099998474,3393.0,0.1596,1.524e-05,3066.9,0.062,1.524e-05,0.073,0.1596,310.706594189,1.318853992,42.4699830139469,3066.89998125,0.0,255.132568652,858.934961084,0.661599994,2,110.842978761
78,1609_AR,3386.0,3057.03,93.349998474,3386.0,0.1596,0.0001524,3063.31,0.062,0.0001524,0.073,0.1596,3420.266985156,2.971138293,21.5902011245222,3063.309949219,0.0,255.13200625,858.935000863,0.661599994,2,120.649205134
79,1610_AR,3440.62,3060.71,73.5,3440.62,0.1596,0.0001524,3147.02,0.062,0.0001524,0.073,0.1596,274.213841895,2.801351281,26.7400821364852,3147.020114062,0.140000001,255.13200625,858.935000863,0.661599994,2,77.011503668
80,1612_AR,4150.0,3076.14,59.700000763,3699.0,0.1596,0.0001524,3341.16,0.062,0.0001524,0.073,0.1596,279.531420947,2.847232605,36.4888878520686,3342.159979688,0.029999999,255.13200625,858.935000863,0.661599994,2,94.172395611
81,1615_AR,3601.0,3096.92,80.0,3442.0,0.1596,0.0001524,3070.0,0.062,0.0001524,0.073,0.1596,1126.229988086,1.549302981,134.851476727499,3070.000071094,0.0,255.13200625,858.935000863,0.661599994,2,280.490679857
82,1616_AR,3926.13,3069.95,69.400001526,3443.28,0.1596,0.0001524,3094.0,0.062,0.0001524,0.073,0.1596,322.875812842,0.618740479,39.874514103623,3094.000094531,0.079999998,255.13200625,858.935000863,0.661599994,2,110.842978761
83,1617_AR,3641.0,3068.66,96.349998474,3465.11,0.1596,1.524e-05,2976.0,0.062,1.524e-05,0.073,0.1596,3232.441907031,0.913238735,15.0126496827506,2976.290144531,0.01,185.248431787,859.029864446,0.667810023,1,126.238747265
84,1618_AR,4066.0,3065.38,70.150001526,3590.0,0.16,1.524e-05,3257.22,0.062,1.524e-05,0.073,0.16,836.869569531,1.184749461,40.6211728723781,3257.219899219,0.029999999,255.13200625,858.935000863,0.661599994,2,113.784848356
85,1901_AR,4104.0,3101.62,46.799999237,3542.44,0.1596,1.524e-05,3169.4,0.062,0.0001524,0.073,0.1596,256.000009375,2.404504632,73.5614390336882,3169.399994531,0.150000006,255.13200625,858.935000863,0.661599994,2,180.467180957
86,1902_AR,4210.0,3101.73,25.399999619,3661.61,0.1596,0.0001524,3229.0,0.062,0.0001524,0.073,0.1596,736.37925918,4.257895975,71.5669952096195,3229.000003125,0.079999998,255.13200625,858.935000863,0.661599994,2,165.855901473
87,1903_AR,4030.3,3101.99,67.5,3551.33,0.1596,0.0001524,3269.0,0.062,0.0001524,0.073,0.1596,2018.481219922,4.233421171,95.1289882741265,3054.999982031,0.0,255.13200625,858.935000863,0.661599994,2,262.545273644
88,1904_AR,4170.0,3101.63,55.299999237,3396.84,0.159,0.0001524,3029.63,0.062,0.0001524,0.073,0.159,1539.021281641,5.497130161,94.6835086704902,3029.630144531,0.0,255.13200625,858.935000863,0.661599994,2,241.265774367
89,1904_AR_FON,4170.0,3101.63,59.700000763,3396.84,0.159,0.0001524,3029.63,0.062,0.0001524,0.073,0.159,771.170419922,3.91750059,77.1644607528204,0.0,0.0,255.13200625,858.935000863,0.661599994,2,201.060251289
90,1905_AR_PROJECT,4107.0,3087.14,91.599998474,3469.31,0.1596,0.0001524,3058.32,0.062,0.0001524,0.073,0.1596,256.000009375,5.53613877,35.3713822137185,3058.320039844,0.0,255.13200625,858.935000863,0.661599994,2,173.602824179
91,1906_AR,3091.0,3086.54,94.699996948,3091.0,0.1596,0.0001524,2895.61,0.062,0.0001524,0.073,0.1596,256.000009375,3.312364661,31.6945621385989,2895.610120312,0.280000001,255.13200625,858.935000863,0.661599994,2,209.395534448
92,1907_AR,3870.0,3072.02,84.050003052,3721.0,0.159,1.524e-05,2939.0,0.062,1.524e-05,0.073,0.159,774.867393359,2.705646759,54.7269049481382,2939.000067188,0.349999994,255.13200625,858.935000863,0.661599994,2,193.901705869
93,1_SML,2752.0,2752.0,97.199996948,2752.0,0.147,1.524e-05,2598.79,0.062,1.524e-05,0.073,0.147,647.699744141,1.302255652,9.9167917782792,2598.789986719,0.200000003,41.600000983,879.600003149,0.612023115,1,99.075508798
94,200-Kulg,4012.0,3076.0,94.25,3541.97,0.122,1.524e-05,1206.14,0.062,1.524e-05,0.073,0.122,113.284844702,2.519383594,27.7652338947865,1206.140034375,0.0,173.299999316,847.000064781,0.66267997,2,285.393801459
95,2003_AR,3550.0,3036.53,7.650000095,3550.0,0.1086,1.524e-05,3150.67,0.062,1.524e-05,0.073,0.159,2938.103016406,0.602800011,54.2126113814797,3150.669975,0.0,255.13200625,858.935000863,0.661599994,2,121.825951289
96,2004_AR,3710.0,3037.91,5.099999905,3514.0,0.1596,0.0001524,3099.57,0.062,0.0001524,0.073,0.1596,5039.408796875,0.747339925,105.848084266696,0.0,0.0,255.13200625,858.935000863,0.661599994,2,238.323904771
97,2005_AR,3676.57,3066.19,88.800003052,3676.57,0.1596,0.0001524,3092.2,0.062,0.0001524,0.073,0.1596,8769.364276562,2.854931904,50.4212833873242,3092.190046875,0.75,255.13200625,858.935000863,0.661599994,2,211.847095249
98,2006_AR,3720.0,2949.25,49.799999237,3720.0,0.1086,1.524e-05,3226.65,0.062,1.524e-05,0.073,0.1596,5182.649385937,2.348428313,57.9173845515519,0.0,0.0,210.999991504,868.000002995,0.898000002,1,143.399647625
99,2007_AR,4131.0,3070.68,5.599999905,3328.0,0.16,1.524e-05,3030.2,0.062,1.524e-05,0.073,0.1596,5538.046135937,4.735918014,79.6832449017775,0.0,0.0,255.13200625,858.935000863,0.661599994,2,179.192374726
100,2009_AR,3620.0,3074.36,51.099998474,3620.0,0.1086,1.524e-05,3198.4,0.062,1.524e-05,0.073,0.1596,2337.934576562,0.561255367,77.2405142554716,0.0,0.0,210.999991504,868.000002995,0.898000002,1,192.823019789
101,200_URM,3320.0,2981.86,70.61693192439203,3320.0,0.1086,1.524e-05,2936.0,0.062,1.524e-05,0.073,0.1596,2128.045113809023,9.216998375051427,-520.309646568964,0.0,0.0,210.999991504,868.000002995,0.898000002,1,174.88089287166852
102,2010_AR,3520.66,3060.64,11.050000191,3520.66,0.1086,1.524e-05,3133.46,0.063,1.524e-05,0.073,0.1596,7335.458415625,0.885820377,87.4206032582709,0.0,0.0,185.24799917,859.030003704,0.667810023,1,198.118381694
103,2011_AR,3819.0,3075.01,40.150001526,3605.48,0.1596,0.0001524,3309.15,0.062,0.0001524,0.073,0.1596,8232.571485938,1.661040264,77.9829229872355,3309.149901562,0.75,603.366,823.460992358,0.640160024,0,187.331537734
104,2011_AR_FON,3819.0,3075.01,11.0,3605.48,0.1596,0.0001524,3320.96,0.062,0.0001524,0.073,0.1596,2658.0,0.972338531,111.060630375046,0.0,0.0,603.366,823.460992358,0.640160024,0,252.052618326
105,2012_AR,3150.0,3089.0,2.299999952,3344.863028571429,0.15573714285714282,0.00010223862857142857,3114.0,0.063,1.524e-05,0.073,0.1596,5511.214179688,0.763482779,83.616784213672,0.0,0.0,255.13200625,858.935000863,0.661599994,2,187.331537734
106,201_URM,3600.0,3070.67,98.400001526,3580.0,0.1596,0.0001524,3165.82,0.0662,0.0001524,0.0772,0.1596,1531.470035156,0.430545548,12.0096376919781,3165.820082813,0.059999999,285.943002344,833.945999661,0.993130028,0,278.529427849
107,202-Kulg,2851.0,2757.06,0.100000001,2851.0,0.156,1.524e-05,2520.16,0.062,1.524e-05,0.073,0.156,766.594800977,0.321716428,90.3596766802443,2520.159921094,0.25999999,173.300010132,847.000064781,0.66267997,2,202.040868876
108,2022_AR,3727.5,3060.86,6.800000191,3727.5,0.159,1.524e-05,2925.32,0.062,1.524e-05,0.073,0.159,256.000009375,4.197428893,86.6118479871308,2925.320083594,0.050000001,255.13200625,858.935000863,0.661599994,2,195.176512099
109,2023_AR,3674.16,3076.72,96.699996948,3674.16,0.159,1.524e-05,3243.11,0.062,1.524e-05,0.073,0.159,2026.336682812,1.746513781,20.1392649415914,3243.1101,0.189999998,255.13200625,858.935000863,0.661599994,2,186.350903314
110,2027_AR,3526.3,2951.77,0.899999976,3526.3,0.1596,1.524e-05,3105.64,0.062,1.524e-05,0.073,0.1596,614.276994824,0.590039981,109.870209207394,3106.00010625,0.0,255.13300127,858.935000863,0.661599994,1,246.168879136
111,202_URM,3867.0,3030.88,96.150001526,3867.0,0.1596,0.0001524,2962.82,0.062,0.0001524,0.073,0.1596,3009.578989844,10.643148757,18.3710800067223,2962.820008594,-0.349999994,285.943002344,833.945999661,0.993130028,1,150.067884252
112,202_UTBG,3319.0,3003.49,67.849998474,3319.0,0.1596,1.524e-05,3045.51,0.063,1.524e-05,0.073,0.1596,452.566117773,0.40033929,102.678174845475,3045.510105469,0.100000001,129.999939868,869.000218507,0.798330009,1,284.413150206
113,203_URM,3710.0,3070.17,80.0,3364.0,0.1596,0.0001524,3069.97,0.062,0.0001524,0.073,0.1596,1323.333320508,0.256082595,51.2410108786726,3069.970007813,0.0,285.943002344,833.945999661,0.993130028,0,213.808347257
114,203_UTBG,3284.0,2988.16,91.599998474,3283.96,0.1596,1.524e-05,3114.0,0.062,1.524e-05,0.073,0.1596,1378.448317578,1.04664423,23.6731186312938,3113.999915625,0.150000006,130.000004761,869.000004744,0.798330009,1,114.765465944
115,204-Kulg,3880.0,3107.45,0.100000001,2916.0,0.1596,0.0001524,2718.85,0.062,0.0001524,0.073,0.1596,265.327819971,0.718425428,102.563898378626,2718.849932813,0.0,41.600000983,871.000003323,0.612020016,1,229.498295986
116,204_UTBG,3470.0,3025.75,98.300003052,3391.32,0.1596,0.0001524,2883.57,0.062,0.0001524,0.073,0.1596,256.000009375,1.780951712,9.65816085472774,2883.569925,0.0,130.000004761,869.000004744,0.798330009,1,146.733757522
117,205-Kulg,3270.0,2936.68,0.100000001,2856.3,0.156,1.524e-05,2611.33,0.062,1.524e-05,0.073,0.156,2197.228432031,0.731414988,45.0057559207216,2611.329946875,0.379999995,78.79999856,839.999999094,0.803229988,1,99.999997071
118,205P_UTBG,3275.0,3066.54,96.900001526,3275.0,0.1596,0.0001524,3029.6,0.0646,0.0001524,0.0756,0.1596,154.841035083,1115.007005344,1.1385006113115,3029.60008125,-0.519999981,285.943002344,833.945999661,0.993130028,0,229.498295986
119,205_URM,3270.0,3087.55,88.569999695,3232.0,0.1596,0.0001524,3011.8,0.062,0.0001524,0.073,0.1596,1248.090030078,0.055434505,-6.29976345885124,0.0,0.0,195.277990723,1035.999999665,0.811839998,0,230.478930407
120,206_URM,3640.0,3067.9,97.150001526,3609.7,0.1596,0.0001524,3292.32,0.062,0.0001524,0.073,0.1596,1348.684168555,0.629440509,12.2813532849813,3292.320119531,0.300000012,285.943002344,833.945999661,0.993130028,0,123.591066313
121,206_UTBG,3619.0,3055.2,94.699996948,3434.26,0.1596,1.524e-05,2912.64,0.062,1.524e-05,0.073,0.1596,661.588140234,7.533043188,19.2969065055802,2912.639927344,0.0,130.000004761,869.000004744,0.798330009,1,125.06200111
122,207_UTBG,3770.0,3080.0,99.900001526,3552.0,0.1596,1.524e-05,3294.58,0.062,1.524e-05,0.073,0.1596,693.877562305,4.657853516,1.09054349336166,3294.579925781,0.100000001,130.000004761,869.000004744,0.798330009,1,148.204700736
123,208_URM,3974.87,3096.33,97.199996948,3275.0,0.1596,0.0001524,3029.81,0.062,0.0001524,0.073,0.1596,269.999999072,25.507069227,23.7832305174862,3029.809928906,0.0,255.13200625,858.935000863,0.661599994,2,253.033235914
124,211_UTBG,3211.5,3051.08,94.099998474,3126.59,0.1596,0.0001524,2762.07,0.062,0.0001524,0.073,0.1596,71.277607642,1.858701465,23.9620076586327,2762.069917969,0.200000003,130.000004761,869.000004744,0.798330009,1,217.730834439
125,212_URM,3750.0,2922.35,95.550003052,3725.5,0.1596,1.524e-05,3421.63,0.062,1.524e-05,0.073,0.1596,3103.046452344,0.780987489,26.194060967827,3421.63003125,0.170000002,285.943002344,833.945999661,0.993130028,0,195.176512099
126,213_URM,3946.5,3058.34,93.400001526,3946.5,0.1596,1.524e-05,3508.6,0.062,1.524e-05,0.073,0.1596,7338.866054687,0.703718994,27.5603768535426,3508.600127344,0.25,285.943002344,833.945999661,0.993130028,0,156.147743593
127,214_UTBG,3274.0,2992.6,96.599998474,3274.0,0.1596,1.524e-05,2939.07,0.062,1.524e-05,0.073,0.1596,259.684739746,3.800316154,13.5735059699368,2939.070016406,0.085000001,130.000004761,869.000004744,0.798330009,1,119.66857913
128,221_URM,3450.0,3078.0,96.400001526,3438.33,0.1596,0.0001524,1483.0,0.062,0.0001524,0.073,0.1596,442.307682715,5.085674938,1.15137474131675,1482.999935156,0.439999998,285.943002344,833.945999661,0.993130028,1,257.936357517
129,229_URM,3285.4,2749.18,54.799999237,3285.4,0.1596,1.524e-05,2905.96,0.062,1.524e-05,0.073,0.1596,491.410728516,8.06365131,1.26644379761667,2905.959925781,0.50999999,285.943002344,833.945999661,0.993130028,0,173.602824179
130,230_URM,3420.0,2896.85,0.0,3420.0,0.1086,1.524e-05,3204.0,0.062,1.524e-05,0.073,0.1596,9052.999871875,0.092510777,125.233675983819,0.0,0.0,285.943002344,833.945999661,0.993130028,0,280.490679857
131,231_URM,3270.0,2959.24,70.61693192439203,3270.0,0.1596,1.524e-05,2923.0,0.062,1.524e-05,0.073,0.1596,2128.045113809023,9.216998375051427,-520.309646568964,0.0,0.0,210.999991504,868.000002995,0.898000002,1,174.88089287166852
132,234_URM,3561.0,3079.2,91.300003052,3224.0,0.16,0.0001524,2002.0,0.062,0.0001524,0.073,0.16,620.689636133,0.022422514,1.42507921677563,2002.000069922,-0.400000006,285.943002344,833.945999661,0.993130028,1,257.936357517
133,235_URM,3830.0,3084.0,93.650001526,3793.87,0.1596,0.0001524,3358.55,0.0658,0.0001524,0.0768,0.1596,449.693799219,0.803761295,1.13589744078138,3358.550123438,0.230000004,285.943002344,833.945999661,0.993130028,0,133.397292685
134,236_URM,4440.8,3121.76,96.550003052,4308.11,0.1596,0.0001524,3400.12,0.062,0.0001524,0.073,0.1596,701.202593262,3.167149488,3.89859033469036,3400.119902344,0.159999996,285.943002344,833.945999661,0.993130028,0,169.288079862
135,25Р_URM,3150.0,3148.28,55.700000763,3150.0,0.2174,0.0001524,2569.34,0.062,0.0001524,0.073,0.2174,256.000009375,0.376728248,1.26026830429225,2569.339877344,0.469999999,285.943002344,833.945999661,0.993130028,0,129.474805503
136,26P_URM,3065.0,2815.3,38.849998474,3065.0,0.1596,1.524e-05,2833.37,0.062,1.524e-05,0.073,0.1596,3275.109728906,0.453797382,76.2560533230542,2833.369900781,0.5,130.000004761,869.000004744,0.798330009,1,182.428416131
137,26P_URM_FON,3065.0,2815.3,59.400001526,3065.0,0.1596,1.524e-05,2833.37,0.062,1.524e-05,0.073,0.1596,5173.602841406,0.334145632,66.074827141695,0.0,0.0,130.000004761,869.000004744,0.798330009,1,171.641572171
138,27ПО_URM,3250.0,3249.31,61.700000763,3069.0,0.1596,0.0001524,2834.2,0.062,0.0001524,0.073,0.1596,837.610902344,0.678073105,25.5796909841856,2834.200064063,0.330000013,285.943002344,833.945999661,0.993130028,0,290.296889396
139,27ПО_URM_FON,3250.0,3249.31,52.0,3069.0,0.1596,0.0001524,2834.2,0.062,0.0001524,0.073,0.1596,951.052906055,0.43245656,37.8010660189653,0.0,0.0,285.943002344,833.945999661,0.993130028,0,290.296889396
140,29PO_URM_test,3150.0,3148.03,22.700000763,3086.26,0.148,1.524e-05,2798.0,0.062,1.524e-05,0.073,0.148,1689.234621484,1.047939358,127.996436051836,0.0,0.0,1345.000000586,777.900003754,0.993130028,0,296.180628586
141,29PO_URM_test_ESP,3150.0,3148.03,6.0,3086.26,0.148,1.524e-05,2798.0,0.062,1.524e-05,0.073,0.148,22999.999328125,1.338479934,132.136836940777,2799.000128906,0.0,285.943002344,833.945999661,0.993130028,0,298.141863761
142,300_URM,3438.0,3076.04,95.300003052,3438.0,0.1596,0.0001524,3050.13,0.062,0.0001524,0.073,0.1596,785.47499375,4.456604907,30.2781284421478,3050.130028125,0.0,285.943002344,833.945999661,0.993130028,0,217.730834439
143,301_URM,3608.88,3082.52,94.25,3540.2,0.1596,0.0001524,3093.77,0.062,0.0001524,0.073,0.1596,799.398950977,3.470053089,33.8669346330769,3094.77013125,0.090000004,285.943002344,833.945999661,0.993130028,0,211.847095249
144,302_URM,3472.0,2740.8,91.5,3472.0,0.1596,0.0001524,3082.45,0.062,0.0001524,0.073,0.1596,420.367631836,0.706585787,1.16076966204677,3082.29,0.239999995,285.943002344,833.945999661,0.993130028,0,109.862352758
145,307_SML,3351.86,2762.77,85.099998474,3351.86,0.1468,1.524e-05,2723.0,0.062,1.524e-05,0.073,0.1468,828.682462305,0.505605329,40.983095347296,2722.99985625,0.109999999,41.600000983,879.600003149,0.612023115,1,149.087249831
146,310_SML,3660.0,2770.0,92.599998474,3274.0,0.147,1.524e-05,2340.77,0.062,1.524e-05,0.073,0.147,582.528949902,0.735979137,30.2647317850452,2340.769940625,0.349999994,41.600000983,879.600003149,0.612023115,1,159.874110624
147,312_SML,2967.0,2838.6,59.799999237,2877.0,0.1468,0.0001524,2759.72,0.062,0.0001524,0.073,0.1468,402.985073242,0.432680421,78.6024044507555,2759.719921875,0.230000004,41.600000983,879.600003149,0.612023115,1,204.982738471
148,42P_AR,3150.0,3149.15,89.949996948,3012.0,0.156,1.524e-05,2906.75,0.062,1.524e-05,0.073,0.156,4329.109172656,0.297396213,71.402638076888,2906.749905469,0.270000011,255.13200625,858.935000863,0.661599994,1,319.715585347
149,44_AR_INJ,3300.0,3300.0,100.0,1334.0,0.125,0.0001524,1233.0,0.062,0.0001524,0.073,0.125,104.64679895,8.672060039,-2508.41698209641,0.0,0.0,255.13200625,858.935000863,0.661599994,0,99.075508798
150,500_URM,3579.7329775280896,3055.6238764044947,70.61693192439203,3344.863028571429,0.15573714285714282,0.00010223862857142857,2938.4441242937855,0.062795293220339,0.00011374395480225989,0.07370225988700564,0.15823502824858754,2128.045113809023,9.216998375051427,-520.309646568964,0.0,0.0,285.942331787,833.945774672,0.993130028,0,1.013253489
151,501_URM,3525.21,2989.21,94.199996948,3525.21,0.1596,1.524e-05,3020.39,0.062,1.524e-05,0.073,0.1596,14067.89969375,0.256214643,32.2141169438749,3020.390001562,0.300000012,285.943002344,833.945999661,0.993130028,0,199.999997238
152,550_URM,3564.0,3015.84,42.900001526,3548.0,0.1468,0.0001524,3280.0,0.062,0.0001524,0.073,0.1468,285.943002344,0.682645293,1.51690672057562,3280.000127344,0.039999999,285.943002344,833.945999661,0.993130028,0,290.296889396
153,551_URM,3306.0,2998.61,98.199996948,3300.0,0.1468,0.0001524,3013.0,0.062,0.0001524,0.073,0.1468,871.708837305,1.058853319,5.37272300256208,3013.000089844,0.360000014,285.943002344,833.945999661,0.993130028,0,290.296889396
154,5_URM_INJ,3279.0,3279.0,100.0,1173.0,0.122,0.0001524,1041.0,0.0778416,0.0001524,0.089,0.122,0.0,2.74801998,-8129.51511166685,0.0,0.0,285.943002344,833.945999661,0.993130028,0,99.075508798
155,761_URM_INJ,3220.0,3095.29,100.0,1289.0,0.157,0.0001524,1148.0,0.078,0.0001524,0.089,0.157,0.0,7.206019937,-3038.90240827281,0.0,0.0,285.943002344,833.945999661,0.993130028,0,99.075508798
156,763_URM,3200.0,3167.0,95.449996948,3112.0,0.1572,0.0001524,2346.29,0.062,0.0001524,0.073,0.1572,269.999999072,20.74999594,1.11483316300105,2346.289975781,0.01,285.943002344,833.945999661,0.993130028,0,231.067290859
157,765_URM_INJ,3296.0,3091.06,100.0,3266.0,0.16,0.0001524,3091.0,0.0690306,0.0001524,0.08,0.16,0.0,16.08339993,-4262.67552751044,0.0,0.0,285.943002344,833.945999661,0.993130028,0,320.696202934
158,766_URM,3370.0,3095.13,94.300003052,3181.0,0.156,1.524e-05,2864.0,0.062,1.524e-05,0.073,0.156,799.856746484,0.319372814,37.6405585447364,2863.999919531,0.150000006,285.943002344,833.945999661,0.993130028,0,237.343287184
159,767_URM_INJ,3600.0,3075.47,100.0,1375.0,0.16,0.0001524,1179.0,0.0778579,0.0001524,0.089,0.16,0.0,4.19479273,-11602.018483401,0.0,0.0,285.943002344,833.945999661,0.993130028,0,216.000008038
160,769_URM_INJ,3540.0,3087.69,100.0,3476.0,0.16,0.0001524,1.0,0.078,0.0001524,0.089,0.16,0.0,4.19479273,-11602.018483401,0.0,0.0,285.943002344,833.945999661,0.993130028,0,216.000008038
161,770_URM_INJ,3520.0,2981.55,100.0,3520.0,0.157,0.0001524,1.0,0.078,0.0001524,0.089,0.157,0.0,13.488199861,-5460.21844568844,0.0,0.0,285.943002344,833.945999661,0.993130028,0,340.308655679
162,801_URM,3320.0,3097.64,58.0,3320.0,0.148,1.524e-05,3013.0,0.062,1.524e-05,0.073,0.148,10892.893082812,0.405267972,38.3509117579666,3013.000089844,0.189999998,285.943002344,833.945999661,0.993130028,0,98.094882794
163,802_URM,3990.0,3129.09,73.0,3320.0,0.148,1.524e-05,3109.24,0.062,1.524e-05,0.073,0.148,4078.542835156,0.509143807,55.0942412127631,3109.240094531,0.059999999,285.943002344,833.945999661,0.993130028,0,159.874110624
164,803_URM,3370.0,3095.13,12.56000042,3370.0,0.16,1.524e-05,3074.3,0.062,1.524e-05,0.073,0.16,3007.530114844,0.518509984,80.3834187717978,3074.300013281,0.400000006,285.943002344,833.945999661,0.993130028,0,182.428416131
165,804_URM,3831.0,3124.55,61.400001526,3462.0,0.16,1.524e-05,3292.0,0.062,1.524e-05,0.073,0.1596,11494.370795312,0.530862804,69.3683302448546,0.0,0.0,285.943002344,833.945999661,0.993130028,0,182.428416131
166,805_URM,3923.35,3124.66,3.599999905,3490.0,0.156,1.524e-05,3000.12,0.062,1.524e-05,0.073,0.156,1563.385243359,0.217026516,71.3372176850745,3000.119908594,0.5,285.943002344,833.945999661,0.993130028,0,159.874110624
167,806_URM,3450.0,3074.38,34.200000763,3447.01,0.1596,1.524e-05,3193.57,0.062,1.524e-05,0.073,0.1596,720.280319043,0.303814884,15.602019770389,3193.569979688,-0.129999995,285.943002344,833.945999661,0.993130028,0,130.749611733
168,SB_1002_AR,3585.0,3069.69,38.599998474,3585.0,0.1596,0.0001524,3046.14,0.062,0.0001524,0.073,0.1596,2449.773214453,0.808461306,66.5301758792718,3046.139946094,0.0,255.13200625,858.935000863,0.661599994,2,158.893476204
169,SB_1105_AR,3350.0,3115.18,85.949996948,3280.0,0.1596,0.0001524,2909.0,0.062,0.0001524,0.073,0.1596,443.67432041,5.77097165,58.9692242127239,2908.999889063,0.25,255.13200625,858.935000863,0.661599994,2,221.653321621
170,SB_1105_AR_13,3350.0,3115.18,83.25,3280.0,0.1596,0.0001524,2909.0,0.062,0.0001524,0.073,0.1596,521.401785254,7.046989787,66.0153715385603,2908.999889063,0.150000006,255.13200625,858.935000863,0.661599994,2,229.498295986
171,SB_1111_AR,3357.0,3146.53,95.050003052,3345.0,0.1596,0.0001524,3044.9,0.062,0.0001524,0.073,0.1596,472.790149316,5.75931096,21.2173438042757,3044.899910156,0.270000011,255.13200625,858.935000863,0.661599994,2,144.968642498
172,SB_1211_AR,3974.87,3096.33,91.199996948,3577.22,0.1596,0.0001524,3287.56,0.062,0.0001524,0.073,0.1596,2958.7084,3.169796921,26.3176903145891,3288.160075781,0.170000002,255.13200625,858.935000863,0.661599994,2,124.571692316
173,SB_1217_AR,3590.0,3060.85,85.800003052,3590.0,0.1596,0.0001524,3228.06,0.062,0.0001524,0.073,0.1596,2088.390946094,1.335173185,33.1496723433909,3228.060004688,0.200000003,255.13200625,858.935000863,0.661599994,2,122.708508801
174,SB_1224_AR,3924.0,3062.26,64.300003052,3738.0,0.1596,0.0001524,3308.0,0.062,0.0001524,0.073,0.1596,6945.90775,0.258638542,53.110651549793,3308.000055469,0.100000001,255.13200625,858.935000863,0.661599994,2,142.222893054
175,SB_1225_AR,4014.0,3069.08,84.300003052,3656.0,0.1596,0.0001524,3314.37,0.062,1.524e-05,0.073,0.1596,3605.341310156,2.555687868,41.7725115542736,3316.769901563,0.25,255.13200625,858.935000863,0.661599994,2,148.400820887
176,SB_201_UTBG,3450.0,3003.19,91.800003052,3426.0,0.1596,0.0001524,3157.89,0.062,0.0001524,0.073,0.1596,130.000004761,2.136903069,41.2129178930094,3157.889925,0.0,130.000004761,869.000004744,0.798330009,1,205.963356059
177,SB_208_UTBG,3590.0,3030.4,89.650001526,3453.0,0.1596,1.524e-05,3057.0,0.062,1.524e-05,0.073,0.1596,130.000004761,13.460412124,28.7727878035723,3056.999934375,0.02,130.000004761,869.000004744,0.798330009,1,124.571692316
178,SB_216_UTBG,3960.0,2951.11,80.699996948,3160.0,0.1596,1.524e-05,3058.5,0.062,1.524e-05,0.073,0.1596,256.643722119,2.431851451,49.5095967780693,3058.500121875,-0.25,255.13300127,858.935000863,0.661599994,1,161.73729414
179,SB_47_AR,3054.0,3053.88,70.0,3054.0,0.1596,0.0001524,2838.75,0.062,0.0001524,0.073,0.1596,964.44448457,1.40599772,44.8184230104116,2838.7500375,0.319999993,255.13200625,858.935000863,0.661599994,2,125.55231832
