,Обводненность_для_расчета_PVT_параметров,Глубина_по_стволу_cs,Внутренний_диаметр_эксплуатационной_колонны_cs,Внутренняя_шероховатость_эксплуатационной_колонны_cs,Глубина_по_стволу,Внутренний_диаметр_НКТ,Внутренняя_шероховатость_НКТ,Внешний_диаметр_НКТ,Внутренний_диаметр_эксплуатационной_колонны,FILTERED_MD_LAST_VALUE,FILTERED_TVD_LAST_VALUE,Газовый_фактор,Коэффициент_продуктиности,Глубина_спуска_ЭЦН_по_стволу_MD,Частота_ЭЦН,Количество_ступеней,Коэффициент_износа,Содержание_растворенного_газа,Плотность_нефти,Удельный_вес_газа,Корреляция_вязкости_нефти,Пластовое_давление
0,1.200000048,3026.0,0.113,0.0001524,2851.75,0.062,0.0001524,0.073,0.1598,3026.0,3025.8,187.626420312,5.967998276,2851.749876563,60.0,354,0.899999976,143.899994995,867.399978143,0.879400015,1,300.103132602
1,89.0,3160.0,0.1596,1.524e-05,3145.0,0.062,1.524e-05,0.073,0.1596,3960.0,2951.11,56.011298767,5.503470146,3144.999921094,46.0,401,0.0,255.13300127,858.935000863,0.661599994,1,218.711452026
2,61.099998474,3160.0,0.1596,1.524e-05,3145.0,0.062,1.524e-05,0.073,0.1596,3960.0,2951.11,271.653505225,6.423727835,3144.999921094,57.0,375,0.5,255.13300127,858.935000863,0.661599994,1,160.364419418
3,94.150001526,3491.9,0.1596,0.0001524,3135.0,0.062,0.0001524,0.073,0.1596,3491.9,2969.31,2093.406536719,0.574878576,3134.999861719,47.0,418,-0.050000001,255.13200625,858.935000863,0.661599994,2,187.037349091
4,82.199996948,3490.6,0.1596,0.0001524,3149.0,0.062,0.0001524,0.073,0.1596,3625.24,3120.53,1185.995446875,4.112800927,3149.000123437,51.200000763,404,0.200000003,255.13200625,858.935000863,0.661599994,2,186.350903314
5,79.400001526,3490.6,0.1596,0.0001524,3149.0,0.062,0.0001524,0.073,0.1596,3625.24,3120.53,901.919447266,20.224315985,3149.000123437,48.400001526,375,0.0,255.13200625,858.935000863,0.661599994,2,240.285156779
6,100.0,3344.863028571429,0.1557371428571428,0.0001022386285714,2938.444124293785,0.062795293220339,0.0001137439548022,0.0737022598870056,0.1582350282485875,3870.0,3133.0,285.943002344,1.000000027,0.0,0.0,0,0.0,285.943002344,833.945999661,0.993130028,0,167.719084989
7,93.150001526,3558.2,0.1596,0.0001524,3092.0,0.062,0.0001524,0.073,0.1596,4003.0,3094.83,1384.959119727,3.288748328,3092.000142187,49.599998474,372,0.109999999,255.13200625,858.935000863,0.661599994,2,109.862352758
8,47.200000763,3158.0,0.1596,0.0001524,2899.97,0.062,0.0001524,0.073,0.1596,3200.0,3111.43,1032.332244531,0.813329273,2899.969891406,56.799999237,401,0.0,255.13200625,858.935000863,0.661599994,2,192.234642504
9,85.599998474,3097.0,0.1596,0.0001524,2967.5,0.062,0.0001524,0.073,0.1596,3266.0,3252.97,746.204774219,2.029685471,2967.500057813,55.700000763,401,0.430000007,255.13200625,858.935000863,0.661599994,2,193.215276924
10,50.700000763,3583.0,0.1596,0.0001524,2835.8,0.062,0.0001524,0.073,0.1596,3583.0,3071.89,256.000009375,1.198850457,2835.799966406,55.700000763,401,0.370000005,255.13200625,858.935000863,0.661599994,2,203.021486464
11,5.900000095,3710.0,0.1596,0.0001524,3309.71,0.062,0.0001524,0.073,0.1596,3710.0,3037.91,4814.354760156,0.188660486,0.0,0.0,0,0.0,255.13200625,858.935000863,0.661599994,2,153.009753847
12,15.600000381,3875.0,0.16,0.0001524,3032.06,0.062,0.0001524,0.073,0.16,3875.0,3068.91,1602.028687109,1.30631339,0.0,0.0,0,0.0,255.13200625,858.935000863,0.661599994,2,186.056731504
13,85.0,3175.63,0.1596,1.524e-05,3042.45,0.062,1.524e-05,0.073,0.1596,3180.0,3065.73,81.999997595,7.27534414,3042.449901563,55.0,404,0.029999999,173.299999316,847.000006759,0.66267997,2,305.006254204
14,95.099998474,3300.0,0.1596,0.0001524,3163.85,0.062,0.0001524,0.073,0.1596,3320.0,3063.63,2195.572027344,5.260157563,3163.849896094,52.0,354,0.100000001,285.943002344,833.945999661,0.993130028,0,124.571692316
15,98.900001526,3427.0,0.1596,0.0001524,3047.78,0.062,0.0001524,0.073,0.1596,3427.0,3022.7,10929.717457812,1.119744688,3047.780032031,55.0,418,-0.029999999,195.277990723,1035.999999665,0.811839998,0,163.796597807
16,61.0,3592.0,0.1596,1.524e-05,3065.24,0.062,1.524e-05,0.073,0.1596,3592.0,3075.43,239.738837793,7.179291612,3065.239952344,35.0,334,0.0,173.299999316,847.000006759,0.66267997,2,280.490679857
17,59.549999237,3307.0,0.1596,1.524e-05,3115.4,0.062,1.524e-05,0.073,0.1596,3307.0,3116.08,256.000009375,3.929894402,3115.350084375,37.5,404,0.0,173.299999316,847.000006759,0.66267997,2,319.715585347
18,95.099998474,3674.16,0.1086,1.524e-05,3383.55,0.062,1.524e-05,0.073,0.159,3674.16,3076.72,2496.919489453,5.281963768,3383.549974219,54.0,490,-0.02,255.13200625,858.934961084,0.661599994,2,126.532935908
19,74.699996948,3323.0,0.1596,0.0001524,3210.78,0.062,0.0001524,0.073,0.1596,3372.0,3094.41,817.147244141,1.44080991,3210.77986875,52.0,396,0.02,285.943002344,833.945999661,0.993130028,0,117.118958253
20,59.0,3120.0,0.1596,0.0001524,2929.87,0.062,0.0001524,0.073,0.1596,3220.0,3119.47,3356.620344531,0.163156386,2929.870057031,59.0,401,0.109999999,285.943002344,833.945999661,0.993130028,0,231.459547994
21,42.5,3596.39,0.1596,0.0001524,3290.81,0.062,0.0001524,0.073,0.1596,3705.0,3111.4,637.962699316,2.199996692,3291.000014063,49.799999237,404,0.430000007,255.13200625,858.935000863,0.661599994,2,167.032639211
22,76.599998474,3163.42,0.1596,1.524e-05,2935.16,0.062,1.524e-05,0.073,0.1596,3163.42,3038.77,2719.169647656,0.372306834,2935.160003906,59.099998474,406,0.449999988,285.943002344,833.945999661,0.993130028,0,165.757832981
23,100.0,1172.0,0.16,0.0001524,494.0,0.062,0.0001524,0.073,0.16,4130.0,3128.26,104.64679895,10.180200125,0.0,0.0,0,0.0,255.13200625,858.935000863,0.661599994,0,99.075508798
24,100.0,3253.0,0.16,0.0001524,3138.0,0.0677368,0.0001524,0.079,0.16,3265.0,3094.14,0.0,1.463580005,0.0,0.0,0,0.0,285.943002344,833.945999661,0.993130028,0,293.238775824
25,86.900001526,3288.1,0.1596,0.0001524,3017.32,0.062,0.0001524,0.073,0.1596,3320.0,3063.63,269.999999072,0.523441381,3017.319975,55.0,400,0.140000001,285.943002344,833.945999661,0.993130028,0,194.195894511
26,86.0,3184.0,0.1596,0.0001524,2945.0,0.062,0.0001524,0.073,0.1596,3190.0,3024.7,16368.750325,0.097766893,2949.729979687,50.0,406,0.0,285.943002344,833.945999661,0.993130028,0,185.370285726
27,86.800003052,3610.0,0.1596,0.0001524,3258.55,0.062,1.524e-05,0.073,0.1596,3890.0,3077.02,3002.573360156,0.831798355,3258.550125,57.0,375,0.07,255.13200625,858.935000863,0.661599994,2,135.06435605
28,92.300003052,3564.1,0.1596,0.0001524,3187.17,0.0647,0.0001524,0.0757,0.1596,3667.0,3082.18,3092.145883594,1.498974679,3186.489928125,56.200000763,401,0.310000002,255.13200625,858.935000863,0.661599994,2,119.66857913
29,66.199996948,3580.0,0.1596,1.524e-05,3180.0,0.062,1.524e-05,0.073,0.1596,3807.0,3082.46,511.77851875,2.077265319,3180.000128906,59.0,401,0.340000004,255.13200625,858.935000863,0.661599994,2,110.842978761
30,46.25,3555.0,0.1596,0.0001524,3377.0,0.062,0.0001524,0.073,0.1596,3605.0,3085.72,4542.616829688,0.46784773,0.0,0.0,0,0.0,185.24799917,859.030003704,0.667810023,1,214.788964844
31,45.099998474,3368.0,0.1596,0.0001524,2763.4,0.062,0.0001524,0.073,0.1596,3790.0,3061.67,525.999986816,0.44973442,2763.40014375,50.0,418,0.230000004,255.13200625,858.935000863,0.661599994,2,282.648052015
32,34.75,3448.0,0.1596,0.0001524,3379.8,0.062,0.0001524,0.073,0.1596,3848.0,3068.16,2561.663939453,0.917062683,0.0,0.0,0,0.0,255.13200625,858.935000863,0.661599994,2,143.889956419
33,98.400001526,3845.0,0.1596,0.0001524,3432.6,0.062,0.0001524,0.073,0.1596,3850.0,3001.92,3071.63740625,0.67415006,3432.599854688,52.200000763,376,0.015,285.943002344,833.945999661,0.993130028,0,186.448971806
34,85.349998474,3520.0,0.1596,1.524e-05,3111.0,0.062,1.524e-05,0.073,0.1596,3520.0,3040.65,3841.826477344,0.894910533,3111.000135938,49.0,418,0.0,255.13200625,858.935000863,0.661599994,1,122.610448725
35,96.150001526,3701.0,0.1596,0.0001524,3270.79,0.062,0.0001524,0.073,0.1596,3750.0,2944.84,1429.060634961,1.922869758,3270.790047656,55.5,354,0.0,255.13200625,858.935000863,0.661599994,2,106.920483163
36,90.300003052,3456.43,0.1596,0.0001524,3183.58,0.062,0.0001524,0.073,0.1596,4001.0,3086.17,705.639774707,3.262091474,3183.580040625,57.0,401,0.07,255.13200625,858.935000863,0.661599994,2,129.474805503
37,37.150001526,3535.93,0.1596,0.0001524,2934.0,0.062,0.0001524,0.073,0.1596,3535.93,3061.21,1303.94004375,0.709848553,2934.0000375,57.0,401,0.360000014,255.13200625,858.935000863,0.661599994,2,118.687953126
38,69.449996948,3268.0,0.1596,0.0001524,3094.98,0.062,0.0001524,0.073,0.1596,3268.0,3022.12,4345.559354687,0.252734304,0.0,0.0,0,0.0,285.943002344,833.945999661,0.993130028,0,221.653321621
39,51.299999237,3738.0,0.1596,0.0001524,3305.4,0.062,0.0001524,0.073,0.1596,3924.0,3062.26,4349.035866406,0.417553857,0.0,0.0,0,0.0,255.13200625,858.935000863,0.661599994,2,206.061424551
40,37.799999237,3482.9,0.1596,0.0001524,3052.9,0.062,0.0001524,0.073,0.1596,3670.0,3064.59,3553.699969531,3.140810128,3052.900017187,35.0,529,0.0,255.13200625,858.935000863,0.661599994,2,185.370285726
41,44.599998474,3482.9,0.1596,0.0001524,3052.9,0.062,0.0001524,0.073,0.1596,3670.0,3064.59,4351.714632031,0.652585893,0.0,0.0,0,0.0,255.13200625,858.935000863,0.661599994,2,161.639225648
42,95.099998474,3841.0,0.1596,0.0001524,3487.55,0.062,0.0001524,0.073,0.1596,3880.0,3075.0,3459.438914062,1.779061317,3487.549877344,49.799999237,375,0.0,285.943002344,833.945999661,0.993130028,0,102.311558619
43,70.61693192439203,3344.863028571429,0.1557371428571428,0.0001022386285714,2938.444124293785,0.062795293220339,0.0001137439548022,0.0737022598870056,0.1582350282485875,3579.7329775280896,3055.6238764044947,2128.045113809023,9.216998375051428,0.0,0.0,0,0.0,285.942331787,833.945774672,0.993130028,0,1.013253489
44,100.0,1568.0,0.16,0.0001524,1408.0,0.078,0.0001524,0.089,0.16,3450.0,3056.04,0.0,8.738949847,0.0,0.0,0,0.0,285.943002344,833.945999661,0.993130028,0,167.719084989
45,95.900001526,3430.37,0.1602,0.0001524,3248.28,0.062,0.0001524,0.073,0.1602,3475.4,3084.93,338.597272852,0.654423304,3072.850129688,53.0,401,0.02,285.943002344,833.945999661,0.993130028,0,225.575808804
46,96.099998474,3430.37,0.1602,0.0001524,3248.28,0.062,0.0001524,0.073,0.1602,3475.4,3084.93,1221.006031055,4.694264446,3248.280091406,56.0,354,0.02,285.943002344,833.945999661,0.993130028,0,110.842978761
47,63.799999237,3651.81,0.1596,1.524e-05,3166.83,0.062,1.524e-05,0.073,0.1596,3652.0,3127.89,3281.909778906,0.715293232,3166.830030469,55.0,396,0.150000006,269.734999414,852.727991563,0.961179972,1,102.999999096
48,96.800003052,3507.1,0.1596,1.524e-05,3222.65,0.062,1.524e-05,0.073,0.1596,3507.1,3113.35,5632.089152344,0.838420785,3222.650102344,55.0,365,0.119999997,269.734999414,852.727991563,0.961179972,1,175.000005613
49,81.0,3500.11,0.1596,0.0001524,3134.77,0.063,0.0001524,0.074,0.1596,3541.34,3078.66,613.073021191,5.555609538,3134.770071094,53.0,401,0.180000007,255.13200625,858.935000863,0.661599994,2,116.726709535
50,96.800003052,3724.0,0.1596,0.0001524,3153.05,0.062,0.0001524,0.073,0.1596,3890.0,3117.07,728.639218555,1.568091343,3153.050034375,54.0,400,0.119999997,185.24799917,859.030003704,0.667810023,1,132.416675098
51,97.75,3577.22,0.1596,0.0001524,3169.28,0.062,0.0001524,0.073,0.1596,3577.22,3094.61,6457.777817187,0.933992262,3171.480016406,57.0,400,0.209999993,255.13200625,858.935000863,0.661599994,2,124.571692316
52,89.099998474,3342.33,0.1596,0.0001524,3061.63,0.062,0.0001524,0.073,0.1596,4254.0,3076.93,1273.280809766,1.978847667,3061.629977344,50.5,383,0.01,185.24799917,859.030003704,0.667810023,1,116.726709535
53,65.400001526,3600.0,0.1596,1.524e-05,3179.64,0.062,1.524e-05,0.073,0.1596,3600.0,3122.38,905.795956836,1.253946392,3179.639964844,55.0,401,0.0,285.943002344,833.945999661,0.993130028,0,124.999997112
54,95.050003052,3511.0,0.1596,0.0001524,3210.51,0.063,0.0001524,0.074,0.1596,3511.0,3065.59,777.983881055,0.735880659,3210.509894531,52.0,389,0.079999998,255.13200625,858.935000863,0.661599994,2,133.397292685
55,90.900001526,3498.79,0.1596,0.0001524,3171.81,0.062,0.0001524,0.073,0.1596,4116.0,3062.42,2574.609922266,0.877589997,3171.810117188,55.866664886,401,0.189999998,255.13200625,858.935000863,0.661599994,2,158.883679454
56,83.300003052,3320.0,0.1596,0.0001524,2911.82,0.062,0.0001524,0.073,0.1596,3320.0,3062.83,708.565088867,1.387582791,2911.819884375,51.5,296,0.01,255.13200625,858.935000863,0.661599994,2,130.45542309
57,76.599998474,3448.94,0.1596,1.524e-05,3174.92,0.062,1.524e-05,0.073,0.1596,3448.94,3039.08,1131.911290039,3.906476262,3174.920029688,47.200000763,420,0.090000004,285.943002344,833.945999661,0.993130028,0,107.704980599
58,88.199996948,3544.75,0.1596,0.0001524,3031.77,0.062,0.0001524,0.073,0.1596,3619.08,3069.94,490.423712402,2.846114641,3031.769995313,54.0,344,0.029999999,255.13200625,858.935000863,0.661599994,2,145.164762649
59,91.699996948,3597.26,0.1596,1.524e-05,3210.25,0.062,1.524e-05,0.073,0.1596,3597.26,3065.65,1042.921675,6.367471191,3211.249867969,55.0,408,0.0,269.734999414,852.727991563,0.961179972,1,109.000003145
60,76.400001526,3362.24,0.1596,1.524e-05,2958.12,0.062,1.524e-05,0.073,0.1596,3641.0,3068.66,1076.048211328,1.920452405,2958.120016406,50.599998474,401,0.050000001,185.248431787,859.029864446,0.667810023,1,106.626302936
61,86.949996948,3598.0,0.1596,0.0001524,3197.51,0.062,0.0001524,0.073,0.1596,3600.0,3070.98,457.516339941,0.904325125,3197.510055469,55.700000763,400,0.165000007,255.13200625,858.935000863,0.661599994,2,136.33916228
62,52.0,3517.71,0.1596,0.0001524,3144.43,0.062,0.0001524,0.073,0.1596,3780.0,3073.22,337.520553564,1.887998743,3144.429909375,50.5,401,0.01,255.13200625,858.935000863,0.661599994,2,128.494179499
63,89.400001526,3525.21,0.1596,0.0001524,3121.53,0.062,0.0001524,0.073,0.1596,3525.21,3062.02,657.645440234,4.336205397,3121.530023437,57.0,418,0.0,255.13200625,858.935000863,0.661599994,2,121.629822721
64,93.300003052,3390.73,0.1596,0.0001524,2977.46,0.062,0.0001524,0.073,0.1596,3750.0,3080.22,256.000009375,1.576746698,2977.459933594,52.0,364,-0.300000012,255.13200625,858.935000863,0.661599994,2,125.55231832
65,78.300003052,3379.29,0.1596,0.0001524,2930.64,0.062,0.0001524,0.073,0.1596,3462.59,3085.46,1487.711152734,0.546140658,2930.64009375,55.0,418,0.239999995,255.13200625,858.935000863,0.661599994,2,119.66857913
66,52.799999237,3438.0,0.1596,0.0001524,2990.14,0.062,0.0001524,0.073,0.1596,3511.6,3080.07,1595.661773437,0.785924934,2990.140089844,50.0,401,0.0,255.13200625,858.935000863,0.661599994,2,131.043800376
67,92.150001526,3435.2,0.156,1.524e-05,3093.1,0.062,1.524e-05,0.073,0.156,3435.2,3045.3,2541.891257422,1.585410986,3093.099982031,52.0,324,0.01,285.943002344,833.945999661,0.993130028,0,119.099997338
68,49.200000763,2637.0,0.122,1.524e-05,2458.16,0.062,1.524e-05,0.073,0.122,3008.0,3007.8,380.887419922,12.549398321,2458.160058984,37.599998474,322,0.219999999,78.79999856,839.999999094,0.803229272,1,102.99799598
69,0.0,2659.0,0.127,1.524e-05,2624.0,0.062,1.524e-05,0.073,0.1596,3200.0,3199.0,78.79999856,9.216998375051428,0.0,0.0,0,0.0,78.79999856,839.999999094,0.803229988,1,197.137764107
70,97.0,3550.0,0.1596,0.0001524,3411.42,0.062,0.0001524,0.073,0.1596,3584.0,3079.01,2067.759605469,3.502851459,3411.420124219,57.0,428,0.079999998,195.277990723,1035.999999665,0.811839998,0,120.649205134
71,27.0,3344.863028571429,0.1557371428571428,0.0001022386285714,3196.79,0.076,1.524e-05,0.073,0.1596,3230.0,2745.76,4582.620075781,3.029202316,0.0,0.0,0,0.0,285.942007324,833.945999661,0.993130028,0,277.548810262
72,72.800003052,3520.07,0.159,0.0001524,3313.0,0.062,0.0025,0.073,0.159,4000.0,3074.17,352.473642187,2.71391205,3313.9999125,60.0,318,0.129999995,255.13200625,858.935000863,0.661599994,2,86.32741283
73,52.200000763,3354.5,0.1596,0.0001524,3024.61,0.062,0.0001524,0.073,0.1596,4117.47,3065.67,815.658175781,1.481549755,3024.609874219,58.0,401,0.219999999,255.13200625,858.935000863,0.661599994,2,120.649205134
74,81.449996948,3328.0,0.159,0.0001524,2887.43,0.062,0.0001524,0.073,0.159,3328.0,3041.25,904.088070703,1.310075763,2887.42993125,60.0,396,0.400000006,255.13200625,858.935000863,0.661599994,2,130.45542309
75,89.25,3401.29,0.1596,1.524e-05,2881.23,0.062,1.524e-05,0.073,0.1596,3401.29,3057.36,4912.325594531,1.05116742,2881.230049219,58.0,401,0.219999999,255.13200625,858.935000863,0.661599994,2,109.829722175
76,77.800003052,3432.12,0.1596,0.0001524,3216.54,0.062,0.0001524,0.073,0.1596,4215.0,3071.24,756.233013672,1.468756119,3216.5401125,53.599998474,401,0.0,255.13200625,858.935000863,0.661599994,2,118.491832975
77,61.099998474,3393.0,0.1596,1.524e-05,3066.9,0.062,1.524e-05,0.073,0.1596,4170.0,3078.87,310.706594189,1.318853992,3066.89998125,56.400001526,401,0.0,255.132568652,858.934961084,0.661599994,2,110.842978761
78,93.349998474,3386.0,0.1596,0.0001524,3063.31,0.062,0.0001524,0.073,0.1596,3386.0,3057.03,3420.266985156,2.971138293,3063.309949219,54.0,389,0.0,255.13200625,858.935000863,0.661599994,2,120.649205134
79,73.5,3440.62,0.1596,0.0001524,3147.02,0.062,0.0001524,0.073,0.1596,3440.62,3060.71,274.213841895,2.801351281,3147.020114062,53.599998474,418,0.140000001,255.13200625,858.935000863,0.661599994,2,77.011503668
80,59.700000763,3699.0,0.1596,0.0001524,3341.16,0.062,0.0001524,0.073,0.1596,4150.0,3076.14,279.531420947,2.847232605,3342.159979688,57.200000763,400,0.029999999,255.13200625,858.935000863,0.661599994,2,94.172395611
81,80.0,3442.0,0.1596,0.0001524,3070.0,0.062,0.0001524,0.073,0.1596,3601.0,3096.92,1126.229988086,1.549302981,3070.000071094,53.0,418,0.0,255.13200625,858.935000863,0.661599994,2,280.490679857
82,69.400001526,3443.28,0.1596,0.0001524,3094.0,0.062,0.0001524,0.073,0.1596,3926.13,3069.95,322.875812842,0.618740479,3094.000094531,51.700000763,406,0.079999998,255.13200625,858.935000863,0.661599994,2,110.842978761
83,96.349998474,3465.11,0.1596,1.524e-05,2976.0,0.062,1.524e-05,0.073,0.1596,3641.0,3068.66,3232.441907031,0.913238735,2976.290144531,51.299999237,389,0.01,185.248431787,859.029864446,0.667810023,1,126.238747265
84,70.150001526,3590.0,0.16,1.524e-05,3257.22,0.062,1.524e-05,0.073,0.16,4066.0,3065.38,836.869569531,1.184749461,3257.219899219,54.5,389,0.029999999,255.13200625,858.935000863,0.661599994,2,113.784848356
85,46.799999237,3542.44,0.1596,1.524e-05,3169.4,0.062,0.0001524,0.073,0.1596,4104.0,3101.62,256.000009375,2.404504632,3169.399994531,40.0,318,0.150000006,255.13200625,858.935000863,0.661599994,2,180.467180957
86,25.399999619,3661.61,0.1596,0.0001524,3229.0,0.062,0.0001524,0.073,0.1596,4210.0,3101.73,736.37925918,4.257895975,3229.000003125,41.0,351,0.079999998,255.13200625,858.935000863,0.661599994,2,165.855901473
87,67.5,3551.33,0.1596,0.0001524,3269.0,0.062,0.0001524,0.073,0.1596,4030.3,3101.99,2018.481219922,4.233421171,3054.999982031,47.0,420,0.0,255.13200625,858.935000863,0.661599994,2,262.545273644
88,55.299999237,3396.84,0.159,0.0001524,3029.63,0.062,0.0001524,0.073,0.159,4170.0,3101.63,1539.021281641,5.497130161,3029.630144531,53.0,418,0.0,255.13200625,858.935000863,0.661599994,2,241.265774367
89,59.700000763,3396.84,0.159,0.0001524,3029.63,0.062,0.0001524,0.073,0.159,4170.0,3101.63,771.170419922,3.91750059,0.0,0.0,0,0.0,255.13200625,858.935000863,0.661599994,2,201.060251289
90,91.599998474,3469.31,0.1596,0.0001524,3058.32,0.062,0.0001524,0.073,0.1596,4107.0,3087.14,256.000009375,5.53613877,3058.320039844,42.0,418,0.0,255.13200625,858.935000863,0.661599994,2,173.602824179
91,94.699996948,3091.0,0.1596,0.0001524,2895.61,0.062,0.0001524,0.073,0.1596,3091.0,3086.54,256.000009375,3.312364661,2895.610120312,51.0,342,0.280000001,255.13200625,858.935000863,0.661599994,2,209.395534448
92,84.050003052,3721.0,0.159,1.524e-05,2939.0,0.062,1.524e-05,0.073,0.159,3870.0,3072.02,774.867393359,2.705646759,2939.000067188,55.0,401,0.349999994,255.13200625,858.935000863,0.661599994,2,193.901705869
93,97.199996948,2752.0,0.147,1.524e-05,2598.79,0.062,1.524e-05,0.073,0.147,2752.0,2752.0,647.699744141,1.302255652,2598.789986719,58.0,452,0.200000003,41.600000983,879.600003149,0.612023115,1,99.075508798
94,94.25,3541.97,0.122,1.524e-05,1206.14,0.062,1.524e-05,0.073,0.122,4012.0,3076.0,113.284844702,2.519383594,1206.140034375,46.0,166,0.0,173.299999316,847.000064781,0.66267997,2,285.393801459
95,7.650000095,3550.0,0.1086,1.524e-05,3150.67,0.062,1.524e-05,0.073,0.159,3550.0,3036.53,2938.103016406,0.602800011,3150.669975,58.0,401,0.0,255.13200625,858.935000863,0.661599994,2,121.825951289
96,5.099999905,3514.0,0.1596,0.0001524,3099.57,0.062,0.0001524,0.073,0.1596,3710.0,3037.91,5039.408796875,0.747339925,0.0,0.0,0,0.0,255.13200625,858.935000863,0.661599994,2,238.323904771
97,88.800003052,3676.57,0.1596,0.0001524,3092.2,0.062,0.0001524,0.073,0.1596,3676.57,3066.19,8769.364276562,2.854931904,3092.190046875,51.0,406,0.75,255.13200625,858.935000863,0.661599994,2,211.847095249
98,49.799999237,3720.0,0.1086,1.524e-05,3226.65,0.062,1.524e-05,0.073,0.1596,3720.0,2949.25,5182.649385937,2.348428313,0.0,0.0,0,0.0,210.999991504,868.000002995,0.898000002,1,143.399647625
99,5.599999905,3328.0,0.16,1.524e-05,3030.2,0.062,1.524e-05,0.073,0.1596,4131.0,3070.68,5538.046135937,4.735918014,0.0,0.0,0,0.0,255.13200625,858.935000863,0.661599994,2,179.192374726
100,51.099998474,3620.0,0.1086,1.524e-05,3198.4,0.062,1.524e-05,0.073,0.1596,3620.0,3074.36,2337.934576562,0.561255367,0.0,0.0,0,0.0,210.999991504,868.000002995,0.898000002,1,192.823019789
101,70.61693192439203,3320.0,0.1086,1.524e-05,2936.0,0.062,1.524e-05,0.073,0.1596,3320.0,2981.86,2128.045113809023,9.216998375051428,0.0,0.0,0,0.0,210.999991504,868.000002995,0.898000002,1,174.88089287166852
102,11.050000191,3520.66,0.1086,1.524e-05,3133.46,0.063,1.524e-05,0.073,0.1596,3520.66,3060.64,7335.458415625,0.885820377,0.0,0.0,0,0.0,185.24799917,859.030003704,0.667810023,1,198.118381694
103,40.150001526,3605.48,0.1596,0.0001524,3309.15,0.062,0.0001524,0.073,0.1596,3819.0,3075.01,8232.571485938,1.661040264,3309.149901562,55.0,401,0.75,603.366,823.460992358,0.640160024,0,187.331537734
104,11.0,3605.48,0.1596,0.0001524,3320.96,0.062,0.0001524,0.073,0.1596,3819.0,3075.01,2658.0,0.972338531,0.0,0.0,0,0.0,603.366,823.460992358,0.640160024,0,252.052618326
105,2.299999952,3344.863028571429,0.1557371428571428,0.0001022386285714,3114.0,0.063,1.524e-05,0.073,0.1596,3150.0,3089.0,5511.214179688,0.763482779,0.0,0.0,0,0.0,255.13200625,858.935000863,0.661599994,2,187.331537734
106,98.400001526,3580.0,0.1596,0.0001524,3165.82,0.0662,0.0001524,0.0772,0.1596,3600.0,3070.67,1531.470035156,0.430545548,3165.820082813,46.0,418,0.059999999,285.943002344,833.945999661,0.993130028,0,278.529427849
107,0.100000001,2851.0,0.156,1.524e-05,2520.16,0.062,1.524e-05,0.073,0.156,2851.0,2757.06,766.594800977,0.321716428,2520.159921094,54.0,418,0.25999999,173.300010132,847.000064781,0.66267997,2,202.040868876
108,6.800000191,3727.5,0.159,1.524e-05,2925.32,0.062,1.524e-05,0.073,0.159,3727.5,3060.86,256.000009375,4.197428893,2925.320083594,41.0,343,0.050000001,255.13200625,858.935000863,0.661599994,2,195.176512099
109,96.699996948,3674.16,0.159,1.524e-05,3243.11,0.062,1.524e-05,0.073,0.159,3674.16,3076.72,2026.336682812,1.746513781,3243.1101,55.0,401,0.189999998,255.13200625,858.935000863,0.661599994,2,186.350903314
110,0.899999976,3526.3,0.1596,1.524e-05,3105.64,0.062,1.524e-05,0.073,0.1596,3526.3,2951.77,614.276994824,0.590039981,3106.00010625,52.0,401,0.0,255.13300127,858.935000863,0.661599994,1,246.168879136
111,96.150001526,3867.0,0.1596,0.0001524,2962.82,0.062,0.0001524,0.073,0.1596,3867.0,3030.88,3009.578989844,10.643148757,2962.820008594,50.0,327,-0.349999994,285.943002344,833.945999661,0.993130028,1,150.067884252
112,67.849998474,3319.0,0.1596,1.524e-05,3045.51,0.063,1.524e-05,0.073,0.1596,3319.0,3003.49,452.566117773,0.40033929,3045.510105469,54.0,406,0.100000001,129.999939868,869.000218507,0.798330009,1,284.413150206
113,80.0,3364.0,0.1596,0.0001524,3069.97,0.062,0.0001524,0.073,0.1596,3710.0,3070.17,1323.333320508,0.256082595,3069.970007813,50.0,364,0.0,285.943002344,833.945999661,0.993130028,0,213.808347257
114,91.599998474,3283.96,0.1596,1.524e-05,3114.0,0.062,1.524e-05,0.073,0.1596,3284.0,2988.16,1378.448317578,1.04664423,3113.999915625,55.299999237,400,0.150000006,130.000004761,869.000004744,0.798330009,1,114.765465944
115,0.100000001,2916.0,0.1596,0.0001524,2718.85,0.062,0.0001524,0.073,0.1596,3880.0,3107.45,265.327819971,0.718425428,2718.849932813,52.0,389,0.0,41.600000983,871.000003323,0.612020016,1,229.498295986
116,98.300003052,3391.32,0.1596,0.0001524,2883.57,0.062,0.0001524,0.073,0.1596,3470.0,3025.75,256.000009375,1.780951712,2883.569925,53.0,318,0.0,130.000004761,869.000004744,0.798330009,1,146.733757522
117,0.100000001,2856.3,0.156,1.524e-05,2611.33,0.062,1.524e-05,0.073,0.156,3270.0,2936.68,2197.228432031,0.731414988,2611.329946875,57.0,401,0.379999995,78.79999856,839.999999094,0.803229988,1,99.999997071
118,96.900001526,3275.0,0.1596,0.0001524,3029.6,0.0646,0.0001524,0.0756,0.1596,3275.0,3066.54,154.841035083,1115.007005344,3029.60008125,44.5,335,-0.519999981,285.943002344,833.945999661,0.993130028,0,229.498295986
119,88.569999695,3232.0,0.1596,0.0001524,3011.8,0.062,0.0001524,0.073,0.1596,3270.0,3087.55,1248.090030078,0.055434505,0.0,0.0,0,0.0,195.277990723,1035.999999665,0.811839998,0,230.478930407
120,97.150001526,3609.7,0.1596,0.0001524,3292.32,0.062,0.0001524,0.073,0.1596,3640.0,3067.9,1348.684168555,0.629440509,3292.320119531,54.400001526,409,0.300000012,285.943002344,833.945999661,0.993130028,0,123.591066313
121,94.699996948,3434.26,0.1596,1.524e-05,2912.64,0.062,1.524e-05,0.073,0.1596,3619.0,3055.2,661.588140234,7.533043188,2912.639927344,51.0,400,0.0,130.000004761,869.000004744,0.798330009,1,125.06200111
122,99.900001526,3552.0,0.1596,1.524e-05,3294.58,0.062,1.524e-05,0.073,0.1596,3770.0,3080.0,693.877562305,4.657853516,3294.579925781,48.0,342,0.100000001,130.000004761,869.000004744,0.798330009,1,148.204700736
123,97.199996948,3275.0,0.1596,0.0001524,3029.81,0.062,0.0001524,0.073,0.1596,3974.87,3096.33,269.999999072,25.507069227,3029.809928906,43.5,335,0.0,255.13200625,858.935000863,0.661599994,2,253.033235914
124,94.099998474,3126.59,0.1596,0.0001524,2762.07,0.062,0.0001524,0.073,0.1596,3211.5,3051.08,71.277607642,1.858701465,2762.069917969,49.0,396,0.200000003,130.000004761,869.000004744,0.798330009,1,217.730834439
125,95.550003052,3725.5,0.1596,1.524e-05,3421.63,0.062,1.524e-05,0.073,0.1596,3750.0,2922.35,3103.046452344,0.780987489,3421.63003125,55.0,401,0.170000002,285.943002344,833.945999661,0.993130028,0,195.176512099
126,93.400001526,3946.5,0.1596,1.524e-05,3508.6,0.062,1.524e-05,0.073,0.1596,3946.5,3058.34,7338.866054687,0.703718994,3508.600127344,47.0,418,0.25,285.943002344,833.945999661,0.993130028,0,156.147743593
127,96.599998474,3274.0,0.1596,1.524e-05,2939.07,0.062,1.524e-05,0.073,0.1596,3274.0,2992.6,259.684739746,3.800316154,2939.070016406,51.0,418,0.085000001,130.000004761,869.000004744,0.798330009,1,119.66857913
128,96.400001526,3438.33,0.1596,0.0001524,1483.0,0.062,0.0001524,0.073,0.1596,3450.0,3078.0,442.307682715,5.085674938,1482.999935156,58.0,333,0.439999998,285.943002344,833.945999661,0.993130028,1,257.936357517
129,54.799999237,3285.4,0.1596,1.524e-05,2905.96,0.062,1.524e-05,0.073,0.1596,3285.4,2749.18,491.410728516,8.06365131,2905.959925781,54.5,412,0.50999999,285.943002344,833.945999661,0.993130028,0,173.602824179
130,0.0,3420.0,0.1086,1.524e-05,3204.0,0.062,1.524e-05,0.073,0.1596,3420.0,2896.85,9052.999871875,0.092510777,0.0,0.0,0,0.0,285.943002344,833.945999661,0.993130028,0,280.490679857
131,70.61693192439203,3270.0,0.1596,1.524e-05,2923.0,0.062,1.524e-05,0.073,0.1596,3270.0,2959.24,2128.045113809023,9.216998375051428,0.0,0.0,0,0.0,210.999991504,868.000002995,0.898000002,1,174.88089287166852
132,91.300003052,3224.0,0.16,0.0001524,2002.0,0.062,0.0001524,0.073,0.16,3561.0,3079.2,620.689636133,0.022422514,2002.000069922,50.0,376,-0.400000006,285.943002344,833.945999661,0.993130028,1,257.936357517
133,93.650001526,3793.87,0.1596,0.0001524,3358.55,0.0658,0.0001524,0.0768,0.1596,3830.0,3084.0,449.693799219,0.803761295,3358.550123438,53.0,389,0.230000004,285.943002344,833.945999661,0.993130028,0,133.397292685
134,96.550003052,4308.11,0.1596,0.0001524,3400.12,0.062,0.0001524,0.073,0.1596,4440.8,3121.76,701.202593262,3.167149488,3400.119902344,49.0,404,0.159999996,285.943002344,833.945999661,0.993130028,0,169.288079862
135,55.700000763,3150.0,0.2174,0.0001524,2569.34,0.062,0.0001524,0.073,0.2174,3150.0,3148.28,256.000009375,0.376728248,2569.339877344,52.400001526,406,0.469999999,285.943002344,833.945999661,0.993130028,0,129.474805503
136,38.849998474,3065.0,0.1596,1.524e-05,2833.37,0.062,1.524e-05,0.073,0.1596,3065.0,2815.3,3275.109728906,0.453797382,2833.369900781,56.400001526,318,0.5,130.000004761,869.000004744,0.798330009,1,182.428416131
137,59.400001526,3065.0,0.1596,1.524e-05,2833.37,0.062,1.524e-05,0.073,0.1596,3065.0,2815.3,5173.602841406,0.334145632,0.0,0.0,0,0.0,130.000004761,869.000004744,0.798330009,1,171.641572171
138,61.700000763,3069.0,0.1596,0.0001524,2834.2,0.062,0.0001524,0.073,0.1596,3250.0,3249.31,837.610902344,0.678073105,2834.200064063,57.0,396,0.330000013,285.943002344,833.945999661,0.993130028,0,290.296889396
139,52.0,3069.0,0.1596,0.0001524,2834.2,0.062,0.0001524,0.073,0.1596,3250.0,3249.31,951.052906055,0.43245656,0.0,0.0,0,0.0,285.943002344,833.945999661,0.993130028,0,290.296889396
140,22.700000763,3086.26,0.148,1.524e-05,2798.0,0.062,1.524e-05,0.073,0.148,3150.0,3148.03,1689.234621484,1.047939358,0.0,0.0,0,0.0,1345.000000586,777.900003754,0.993130028,0,296.180628586
141,6.0,3086.26,0.148,1.524e-05,2798.0,0.062,1.524e-05,0.073,0.148,3150.0,3148.03,22999.999328125,1.338479934,2799.000128906,56.0,396,0.0,285.943002344,833.945999661,0.993130028,0,298.141863761
142,95.300003052,3438.0,0.1596,0.0001524,3050.13,0.062,0.0001524,0.073,0.1596,3438.0,3076.04,785.47499375,4.456604907,3050.130028125,37.0,304,0.0,285.943002344,833.945999661,0.993130028,0,217.730834439
143,94.25,3540.2,0.1596,0.0001524,3093.77,0.062,0.0001524,0.073,0.1596,3608.88,3082.52,799.398950977,3.470053089,3094.77013125,54.700000763,354,0.090000004,285.943002344,833.945999661,0.993130028,0,211.847095249
144,91.5,3472.0,0.1596,0.0001524,3082.45,0.062,0.0001524,0.073,0.1596,3472.0,2740.8,420.367631836,0.706585787,3082.29,52.599998474,364,0.239999995,285.943002344,833.945999661,0.993130028,0,109.862352758
145,85.099998474,3351.86,0.1468,1.524e-05,2723.0,0.062,1.524e-05,0.073,0.1468,3351.86,2762.77,828.682462305,0.505605329,2722.99985625,50.0,400,0.109999999,41.600000983,879.600003149,0.612023115,1,149.087249831
146,92.599998474,3274.0,0.147,1.524e-05,2340.77,0.062,1.524e-05,0.073,0.147,3660.0,2770.0,582.528949902,0.735979137,2340.769940625,53.0,390,0.349999994,41.600000983,879.600003149,0.612023115,1,159.874110624
147,59.799999237,2877.0,0.1468,0.0001524,2759.72,0.062,0.0001524,0.073,0.1468,2967.0,2838.6,402.985073242,0.432680421,2759.719921875,54.0,406,0.230000004,41.600000983,879.600003149,0.612023115,1,204.982738471
148,89.949996948,3012.0,0.156,1.524e-05,2906.75,0.062,1.524e-05,0.073,0.156,3150.0,3149.15,4329.109172656,0.297396213,2906.749905469,53.700000763,431,0.270000011,255.13200625,858.935000863,0.661599994,1,319.715585347
149,100.0,1334.0,0.125,0.0001524,1233.0,0.062,0.0001524,0.073,0.125,3300.0,3300.0,104.64679895,8.672060039,0.0,0.0,0,0.0,255.13200625,858.935000863,0.661599994,0,99.075508798
150,70.61693192439203,3344.863028571429,0.1557371428571428,0.0001022386285714,2938.444124293785,0.062795293220339,0.0001137439548022,0.0737022598870056,0.1582350282485875,3579.7329775280896,3055.6238764044947,2128.045113809023,9.216998375051428,0.0,0.0,0,0.0,285.942331787,833.945774672,0.993130028,0,1.013253489
151,94.199996948,3525.21,0.1596,1.524e-05,3020.39,0.062,1.524e-05,0.073,0.1596,3525.21,2989.21,14067.89969375,0.256214643,3020.390001562,50.0,418,0.300000012,285.943002344,833.945999661,0.993130028,0,199.999997238
152,42.900001526,3548.0,0.1468,0.0001524,3280.0,0.062,0.0001524,0.073,0.1468,3564.0,3015.84,285.943002344,0.682645293,3280.000127344,54.0,401,0.039999999,285.943002344,833.945999661,0.993130028,0,290.296889396
153,98.199996948,3300.0,0.1468,0.0001524,3013.0,0.062,0.0001524,0.073,0.1468,3306.0,2998.61,871.708837305,1.058853319,3013.000089844,50.0,401,0.360000014,285.943002344,833.945999661,0.993130028,0,290.296889396
154,100.0,1173.0,0.122,0.0001524,1041.0,0.0778416,0.0001524,0.089,0.122,3279.0,3279.0,0.0,2.74801998,0.0,0.0,0,0.0,285.943002344,833.945999661,0.993130028,0,99.075508798
155,100.0,1289.0,0.157,0.0001524,1148.0,0.078,0.0001524,0.089,0.157,3220.0,3095.29,0.0,7.206019937,0.0,0.0,0,0.0,285.943002344,833.945999661,0.993130028,0,99.075508798
156,95.449996948,3112.0,0.1572,0.0001524,2346.29,0.062,0.0001524,0.073,0.1572,3200.0,3167.0,269.999999072,20.74999594,2346.289975781,47.0,268,0.01,285.943002344,833.945999661,0.993130028,0,231.067290859
157,100.0,3266.0,0.16,0.0001524,3091.0,0.0690306,0.0001524,0.08,0.16,3296.0,3091.06,0.0,16.08339993,0.0,0.0,0,0.0,285.943002344,833.945999661,0.993130028,0,320.696202934
158,94.300003052,3181.0,0.156,1.524e-05,2864.0,0.062,1.524e-05,0.073,0.156,3370.0,3095.13,799.856746484,0.319372814,2863.999919531,52.0,314,0.150000006,285.943002344,833.945999661,0.993130028,0,237.343287184
159,100.0,1375.0,0.16,0.0001524,1179.0,0.0778579,0.0001524,0.089,0.16,3600.0,3075.47,0.0,4.19479273,0.0,0.0,0,0.0,285.943002344,833.945999661,0.993130028,0,216.000008038
160,100.0,3476.0,0.16,0.0001524,1.0,0.078,0.0001524,0.089,0.16,3540.0,3087.69,0.0,4.19479273,0.0,0.0,0,0.0,285.943002344,833.945999661,0.993130028,0,216.000008038
161,100.0,3520.0,0.157,0.0001524,1.0,0.078,0.0001524,0.089,0.157,3520.0,2981.55,0.0,13.488199861,0.0,0.0,0,0.0,285.943002344,833.945999661,0.993130028,0,340.308655679
162,58.0,3320.0,0.148,1.524e-05,3013.0,0.062,1.524e-05,0.073,0.148,3320.0,3097.64,10892.893082812,0.405267972,3013.000089844,59.0,401,0.189999998,285.943002344,833.945999661,0.993130028,0,98.094882794
163,73.0,3320.0,0.148,1.524e-05,3109.24,0.062,1.524e-05,0.073,0.148,3990.0,3129.09,4078.542835156,0.509143807,3109.240094531,52.0,376,0.059999999,285.943002344,833.945999661,0.993130028,0,159.874110624
164,12.56000042,3370.0,0.16,1.524e-05,3074.3,0.062,1.524e-05,0.073,0.16,3370.0,3095.13,3007.530114844,0.518509984,3074.300013281,58.325000763,418,0.400000006,285.943002344,833.945999661,0.993130028,0,182.428416131
165,61.400001526,3462.0,0.16,1.524e-05,3292.0,0.062,1.524e-05,0.073,0.1596,3831.0,3124.55,11494.370795312,0.530862804,0.0,0.0,0,0.0,285.943002344,833.945999661,0.993130028,0,182.428416131
166,3.599999905,3490.0,0.156,1.524e-05,3000.12,0.062,1.524e-05,0.073,0.156,3923.35,3124.66,1563.385243359,0.217026516,3000.119908594,58.0,401,0.5,285.943002344,833.945999661,0.993130028,0,159.874110624
167,34.200000763,3447.01,0.1596,1.524e-05,3193.57,0.062,1.524e-05,0.073,0.1596,3450.0,3074.38,720.280319043,0.303814884,3193.569979688,50.5,401,-0.129999995,285.943002344,833.945999661,0.993130028,0,130.749611733
168,38.599998474,3585.0,0.1596,0.0001524,3046.14,0.062,0.0001524,0.073,0.1596,3585.0,3069.69,2449.773214453,0.808461306,3046.139946094,58.5,369,0.0,255.13200625,858.935000863,0.661599994,2,158.893476204
169,85.949996948,3280.0,0.1596,0.0001524,2909.0,0.062,0.0001524,0.073,0.1596,3350.0,3115.18,443.67432041,5.77097165,2908.999889063,57.0,354,0.25,255.13200625,858.935000863,0.661599994,2,221.653321621
170,83.25,3280.0,0.1596,0.0001524,2909.0,0.062,0.0001524,0.073,0.1596,3350.0,3115.18,521.401785254,7.046989787,2908.999889063,56.0,354,0.150000006,255.13200625,858.935000863,0.661599994,2,229.498295986
171,95.050003052,3345.0,0.1596,0.0001524,3044.9,0.062,0.0001524,0.073,0.1596,3357.0,3146.53,472.790149316,5.75931096,3044.899910156,53.099998474,434,0.270000011,255.13200625,858.935000863,0.661599994,2,144.968642498
172,91.199996948,3577.22,0.1596,0.0001524,3287.56,0.062,0.0001524,0.073,0.1596,3974.87,3096.33,2958.7084,3.169796921,3288.160075781,56.0,401,0.170000002,255.13200625,858.935000863,0.661599994,2,124.571692316
173,85.800003052,3590.0,0.1596,0.0001524,3228.06,0.062,0.0001524,0.073,0.1596,3590.0,3060.85,2088.390946094,1.335173185,3228.060004688,58.0,418,0.200000003,255.13200625,858.935000863,0.661599994,2,122.708508801
174,64.300003052,3738.0,0.1596,0.0001524,3308.0,0.062,0.0001524,0.073,0.1596,3924.0,3062.26,6945.90775,0.258638542,3308.000055469,58.0,401,0.100000001,255.13200625,858.935000863,0.661599994,2,142.222893054
175,84.300003052,3656.0,0.1596,0.0001524,3314.37,0.062,1.524e-05,0.073,0.1596,4014.0,3069.08,3605.341310156,2.555687868,3316.769901563,52.5,318,0.25,255.13200625,858.935000863,0.661599994,2,148.400820887
176,91.800003052,3426.0,0.1596,0.0001524,3157.89,0.062,0.0001524,0.073,0.1596,3450.0,3003.19,130.000004761,2.136903069,3157.889925,53.0,342,0.0,130.000004761,869.000004744,0.798330009,1,205.963356059
177,89.650001526,3453.0,0.1596,1.524e-05,3057.0,0.062,1.524e-05,0.073,0.1596,3590.0,3030.4,130.000004761,13.460412124,3056.999934375,47.900001526,318,0.02,130.000004761,869.000004744,0.798330009,1,124.571692316
178,80.699996948,3160.0,0.1596,1.524e-05,3058.5,0.062,1.524e-05,0.073,0.1596,3960.0,2951.11,256.643722119,2.431851451,3058.500121875,47.5,401,-0.25,255.13300127,858.935000863,0.661599994,1,161.73729414
179,70.0,3054.0,0.1596,0.0001524,2838.75,0.062,0.0001524,0.073,0.1596,3054.0,3053.88,964.44448457,1.40599772,2838.7500375,57.900001526,400,0.319999993,255.13200625,858.935000863,0.661599994,2,125.55231832
