"","WELLNAME","RAW_DATA_IS_AVAILABLE","FILTERED_DATA_COUNT","RAW_DATA_COUNT","RAW_FILTER_DATATYPE","INITIAL_FILTER_ANGLE","ACTUAL_FILTER_ANLGE","ANGLE_STEP","MAX_NUM_OF_POINTS_TO_FILTER","FILTERED_UNCORRECT_TVD_FLAG","RAW_UNCORRECT_TVD_FLAG","FILTERED_MD_FIRST_VALUE","RAW_MD_FIRST_VALUE","FILTERED_MD_LAST_VALUE","RAW_MD_LAST_VALUE","FILTERED_TVD_FIRST_VALUE","RAW_TVD_FIRST_VALUE","FILTERED_TVD_LAST_VALUE","RAW_TVD_LAST_VALUE","RAW_ANGLE_FIRST_VALUE","RAW_ANGLE_LAST_VALUE","FILTERED_MAX_ZENITH_ANGLE","RAW_MAX_ZENITH_ANGLE","FILTERED_AVG_ZENITH_ANGLE","RAW_AVG_ZENITH_ANGLE","FILTERED_MAX_DOG_LEG_DEGREES_BY_10_M","RAW_MAX_DOG_LEG_DEGREES_BY_10_M","FILTERED_MD_OF_MAX_DOG_LEG","RAW_MD_OF_MAX_DOG_LEG","FILTERED_TVD_OF_MAX_DOG_LEG","RAW_TVD_OF_MAX_DOG_LEG","MEAN_MD_DEVIATION_FROM_RAW_INCLINOMETRY","MIN_MD_DEVIATION_FROM_RAW_INCLINOMETRY","MAX_MD_DEVIATION_FROM_RAW_INCLINOMETRY","R2_SCORE_OF_FILTERED_AND_ROW_INCLINOMETRY","FILTERED_INCLINOMETRY_AUC","RAW_INCLINOMETRY_AUC","AUC_RATIO_TO_RAW","AUC_RATIO_TO_RAW_WITH_SAME_MD"
"COLUMN_LABELS","Имя_скважины","Флаг_наличия_исходной_инклинометрии","Количество_точек_отфильтрованной_инклинометрии","Количество_точек_исходной_инклинометрии","Тип_координат_исходной_инклинометрии","Настроечный_угол_для_фильтрации","Фактический_угол_фильтрации","Шаг_угла","Максимальное_количество_точек_для_фильтрации","","","","","","","","","","","","","","","","","","","","","","","","","","","","","",""
"1-Tunj","1-Tunj","1","5","304","MD/TVD","2","2.7","0.5","20","","","0","0","3026","3026","0","0","3025.8","3025.8","","","0.687","2.563","0.65874989390418","0.65874989390418","0.128","0.366","2142","1960","2141.8631893939","1959.88","0","0","0","1","4578057.65","4578066.8","0.99999800133978","0.99999800133978"
"1001_AR","1001_AR","1","18","402","MD/TVD","2","6.4","0.5","18","1","1","0","0","3960","3960","-126.56","-126.56","2951.11","2951.11","","","91.28","93.555","38.996045569116","38.996045569116","5.005","1.486","3883.3333333333","2940","2952.6888888889","2622.63","11.573","0","321.678","0.99687959101233","6653683.5","6651777.305","1.000286569275","1.000286569275"
"1003_AR","1003_AR","1","18","402","MD/TVD","2","6.4","0.5","18","1","1","0","0","3960","3960","-126.56","-126.56","2951.11","2951.11","","","91.28","93.555","38.996045569116","38.996045569116","5.005","1.486","3883.3333333333","2940","2952.6888888889","2622.63","11.573","0","321.678","0.99687959101233","6653683.5","6651777.305","1.000286569275","1.000286569275"
"1004_AR","1004_AR","1","19","147","MD/TVD","2","4.6","0.05","20","","","0","0","3491.9","3491.9","-126.44","-126.44","2969.31","2969.31","","","81.038","81.038","27.556912735102","27.556912735102","2.213","2.306","3441.5","3399.0466666667","2958.7121984436","2948.8463636364","0","0","0","1","5414887.346","5414789.33505","1.0000181006026","1.0000181006026"
"1009_AR","1009_AR","1","20","366","MD/TVD","2","5.1","0.05","20","1","1","0","0","3625.24","3625.24","0","0","3120.53","3120.53","","","92.516","92.516","30.59585254826","30.59585254826","12.788","8.36","3615.08","3618.4133333333","3120.57304","3120.7520666667","-0.668","0","18.609","0.99999516733727","6191134.9798","6190986.88825","1.0000239205078","1.0000239205078"
"1009_AR_FPZ","1009_AR_FPZ","1","20","366","MD/TVD","2","5.1","0.05","20","1","1","0","0","3625.24","3625.24","0","0","3120.53","3120.53","","","92.516","92.516","30.59585254826","30.59585254826","12.788","8.36","3615.08","3618.4133333333","3120.57304","3120.7520666667","-0.668","0","18.609","0.99999516733727","6191134.9798","6190986.88825","1.0000239205078","1.0000239205078"
"100_URM_INJ","100_URM_INJ","1","7","388","MD/TVD","2","26","0.5","18","","","0","0","3870","3870","0","0","3133","3133","0","0","39.884","45.573","35.946964904216","35.946964904216","4.054","3.692","3713.3333333333","360","2987.0888888889","355","0","0","0","1","6090715","6040165","1.0083689766753","1.0083689766753"
"1010_AR","1010_AR","1","20","403","MD/TVD","2","5.3","0.05","20","1","1","0","0","4003","4003","0","0","3094.83","3094.83","","","91.91","92.637","39.36441370766","39.36441370766","16.466","3.083","3834.3333333333","3450","3096.6032333333","3093.12","51.299","0","546.02","0.98788064439064","7353863.94","7356283.7216","0.99967105923431","0.99967105923431"
"1011_AR","1011_AR","1","17","321","MD/TVD","2","2.7","0.05","20","","","0","0","3200","3200","0","0","3111.43","3111.43","","","21.295","22.332","13.511786996167","13.511786996167","3.342","0.634","3106.6666666667","420","3018.2669230769","419.95","0","0","0","1","4984372.95","4984330.15","1.0000085869111","1.0000085869111"
"1012_AR","1012_AR","1","18","329","MD/TVD","2","2.7","0.05","20","","","0","0","3266","3266","0","0","3252.97","3252.97","","","13.815","14.76","5.1197203753716","5.1197203753716","0.881","0.897","3215.3333333333","510","3202.3835238095","509.97","0","0","0","1","5303055.5","5303161.3151","0.99998004678838","0.99998004678838"
"1013_AR","1013_AR","1","19","360","MD/TVD","2","6.5","0.05","20","","","0","0","3583","3583","0","0","3071.89","3071.89","","","44.735","47.778","30.979515702523","30.979515702523","17.932","3.052","3561","3577.6666666667","3050.6576666667","3066.719","0","0","0","1","5743580.055","5739456.905","1.0007183867861","1.0007183867861"
"1017_AR","1017_AR","1","19","372","MD/TVD","2","3.8","0.05","20","","","0","0","3710","3710","0","0","3037.91","3037.91","","","39.488","42.012","35.03079277554","35.03079277554","3.332","1.275","3683.3333333333","3490","3012.2366666667","2830.74","0","0","0","1","5766655.35","5765650.45","1.0001742908296","1.0001742908296"
"1019_AR","1019_AR","1","20","388","MD/TVD","2","5.5","0.05","20","","","0","0","3875","3875","0","0","3068.91","3068.91","","","72.422","72.422","37.629370255181","37.629370255181","9.276","2.233","3861.6666666667","3868.3333333333","3064.7833333333","3066.89","0","0","0","1","6424528.775","6421186.8413","1.0005204542061","1.0005204542061"
"101_KULG","101_KULG","1","19","319","MD/TVD","2","3.4","0.5","20","","","0","0","3180","3180","0","0","3065.73","3065.73","","","28.897","30.231","15.406334777023","15.406334777023","2.769","1.275","3083.3333333333","480","2969.1636111111","479.61","0","0","0","1","4824330.65","4823058.05","1.0002638574918","1.0002638574918"
"101_URM","101_URM","1","20","331","MD/TVD","2","2.5","0.05","20","","","0","0","3320","3320","0","0","3063.63","3063.63","","","28.366","30.458","22.66403847818","22.66403847818","1.419","1.147","736.66666666667","730","735.68155555556","729.176","0","0","0","1","5144986.84","5144716.18","1.0000526093161","1.0000526093161"
"103_URM","103_URM","1","19","344","MD/TVD","2","3.6","0.05","20","","","0","0","3427","3427","0","0","3022.7","3022.7","","","34.111","35.214","28.112377352222","28.112377352222","3.959","1.159","3415.6666666667","240","3011.7275","239.91","0","0","0","1","5218310.02","5217618.27","1.0001325796492","1.0001325796492"
"104_KULG","104_KULG","1","20","366","MD/TVD","2","4.3","0.5","20","","","0","0","3592","3592","0","0","3075.43","3075.43","0","72.54236584","72.542","72.722","31.108687761765","31.108687761765","20.07","1.302","3500.6666666667","3250","3046.0514320988","2960.74","0","0","0","1","6137687.46","6138839.5985","0.99981231982339","0.99981231982339"
"106_KULG","106_KULG","1","20","94","MD/TVD","2","2.8","0.5","20","","","0","0","3307","3307","0","0","3116.08","3116.08","0","16.47","24.143","26.588","19.564020654883","19.564020654883","1.202","1.001","427.89","386.4","425.68156534832","385.471","0","0","0","1","5194626.449005","5194387.51254","1.000045998968","1.000045998968"
"106_URM","106_URM","1","20","369","MD/TVD","2","4","0.5","20","","","0","0","3674.16","3674.16","0","0","3076.72","3076.72","","","79.053","79.053","33.134039859308","33.134039859308","11.084","7.452","3661.3866666667","3668.0533333333","3073.6704355556","3075.4997866667","0","0","0","1","6115527.912","6115020.362","1.0000830005413","1.0000830005413"
"108_URM","108_URM","1","20","333","MD/TVD","2","3.3","0.05","20","","","0","0","3372","3372","0","0","3094.41","3094.41","","","31.006","31.897","23.411061417388","23.411061417388","1.92","1.77","420","390","418.813","389.623","0","0","0","1","5189203.74","5189344.04","0.99997296382762","0.99997296382762"
"109_URM","109_URM","1","20","323","MD/TVD","2","3.7","0.05","20","","","0","0","3220","3220","0","0","3119.47","3119.47","","","21.977","23.794","14.354694913117","14.354694913117","2.162","1.556","3080","430","2979.5025","428.72","0","0","0","1","5020752.05","5021240.05","0.99990281285198","0.99990281285198"
"1104_AR","1104_AR","1","20","373","MD/TVD","2","4.6","0.05","20","","","0","0","3705","3705","0","0","3111.4","3111.4","","","81.836","81.836","32.882674444578","32.882674444578","10.461","3.628","3681.6666666667","3555.6766666667","3107.4327777778","3073.1990516833","0","0","0","1","6233103.225","6228099.37045","1.0008034320348","1.0008034320348"
"110_URM","110_URM","1","17","317","MD/TVD","2","2.2","0.05","20","","","0","0","3163.42","3163.42","0","0","3038.77","3038.77","0","14.48","17.928","18.915","16.137706816877","16.137706816877","1.28","1.411","190","190","189.702","189.702","0","0","0","1","4809229.1362","4809665.1322","0.99990935002999","0.99990935002999"
"1124_AR_INJ","1124_AR_INJ","1","19","414","MD/TVD","2","5.9","0.05","20","1","1","0","0","4130","4130","0","0","3128.26","3128.26","","","95.624","95.624","40.760272299156","40.760272299156","5.798","1.933","4086.6666666667","4120","3129.943030303","3129.24","-3.596","0","198.333","0.99945768427654","7478909.85","7471632","1.0009740643008","1.0009740643008"
"112_URM_INJ","112_URM_INJ","1","18","328","MD/TVD","2","2.5","0.05","20","","","0","0","3265","3265","0","0","3094.14","3094.14","","","21.643","24.217","18.617809806248","18.617809806248","5.512","2.079","3175","3258.3333333333","3004.3721153846","3087.4766666667","0","0","0","1","5034930.45","5036901.2","0.99960873761034","0.99960873761034"
"114_URM","114_URM","1","20","331","MD/TVD","2","2.5","0.05","20","","","0","0","3320","3320","0","0","3063.63","3063.63","","","28.366","30.458","22.66403847818","22.66403847818","1.419","1.147","736.66666666667","730","735.68155555556","729.176","0","0","0","1","5144986.84","5144716.18","1.0000526093161","1.0000526093161"
"1179_AR","1179_AR","1","17","320","MD/TVD","2","2.7","0.05","20","","","0","0","3190","3190","0","0","3024.7","3024.7","","","22.686","24.077","18.525594461901","18.525594461901","1.671","1.468","406.66666666667","390","406.40777777778","389.88","0","0","0","1","4853014.6","4850612.6","1.0004951951842","1.0004951951842"
"1201_AR","1201_AR","1","20","390","MD/TVD","2","5.5","0.05","20","","","0","0","3890","3890","0","0","3077.02","3077.02","","","88.989","91.031","37.720216283744","37.720216283744","3.602","1.408","3826.6666666667","380","3075.8588235294","379.57","3.667","0","73.333","0.99994695024766","6779227.1","6769737.4","1.0014017825861","1.0014017825861"
"1202_AR","1202_AR","1","19","368","MD/TVD","2","7.1","0.05","20","","","0","0","3667","3667","0","0","3082.18","3082.18","","","87.37","87.37","32.805126124673","32.805126124673","6.753","8.956","3633.3333333333","3546","3078.8","3047.255","0","0","0","1","5832606.66","5833178.13","0.9999020311077","0.9999020311077"
"1205_AR","1205_AR","1","20","382","MD/TVD","2","5.4","0.05","20","1","1","0","0","3807","3807","0","0","3082.46","3082.46","","","90.9","90.9","35.935110361551","35.935110361551","6.354","2.432","3765.6666666667","3799","3081.1935454545","3082.583","-1.758","0","42.152","0.99997576494073","6720612.305","6723353.555","0.99959227936214","0.99959227936214"
"1206_AR","1206_AR","1","20","363","MD/TVD","2","4.3","0.05","20","","","0","0","3605","3605","0","0","3085.72","3085.72","","","73.978","74.038","31.13453186326","31.13453186326","7.995","1.245","3568.3333333333","2850","3075.3023333333","2653.41","0","0","0","1","6040176","6041344.4394","0.99980659281858","0.99980659281858"
"1207_AR","1207_AR","1","20","381","MD/TVD","2","5.5","0.05","20","1","1","0","0","3790","3790","0","0","3061.67","3061.67","","","93.017","95.221","36.115691045903","36.115691045903","4.467","2.254","3710","3276","3065.2245454545","3038.128","-11.379","0","383.41","0.9911622679742","6880806.2","6881487.39","0.999901011226","0.999901011226"
"1208_AR","1208_AR","1","20","175","MD/TVD","2","4.4","0.05","20","","","0","0","3848","3848","0","0","3068.16","3068.16","","","89.597","91.847","37.1232699959","37.1232699959","2.626","2.849","3372.0633333333","3403.4566666667","3028.4810169492","3038.6425502903","9.215","0","184.291","0.99952817812097","6903853.45035","6904286.18515","0.99993732374522","0.99993732374522"
"120G_URM","120G_URM","1","20","386","MD/TVD","2","4.9","0.05","20","","","0","0","3850","3850","0","0","3001.92","3001.92","","","43.468","47.39","38.76510152518","38.76510152518","3.874","1.811","3836.6666666667","250","2989.1466666667","248.89","0","0","0","1","5807176.55","5787722","1.0033613483854","1.0033613483854"
"1210_AR","1210_AR","1","20","353","MD/TVD","2","4.5","0.5","20","","","0","0","3520","3520","0","0","3040.65","3040.65","","","75.936","75.936","30.251647096521","30.251647096521","4.447","1.396","3486.6666666667","3010","3031.8966666667","2809.96","0","0","0","1","5854927.8","5856909.25","0.99966169016534","0.99966169016534"
"1212_AR","1212_AR","1","20","375","MD/TVD","2","4.7","0.05","20","","","0","0","3750","3750","0","0","2944.84","2944.84","0","80.967157199","80.967","80.967","38.252430629685","38.252430629685","4.556","1.188","3723.3333333333","600","2940.1894444444","484.4","5.524","0","110.48","0.99988399196506","5861088.75","5854360.8","1.001149220253","1.001149220253"
"1214_AR","1214_AR","1","19","402","MD/TVD","2","6.1","0.05","20","1","1","0","0","4001","4001","0","0","3086.17","3086.17","","","90.264","92.464","39.524757450308","39.524757450308","41.488","5.185","3880.3333333333","3997","3086.7217962963","3086.194","-4.111","0","435.556","0.99006191580816","7422859.72","7425774.92","0.99960742144336","0.99960742144336"
"1216_AR","1216_AR","1","19","149","MD/TVD","2","4.2","0.05","20","","","0","0","3535.93","3535.93","0","0","3061.21","3061.21","","","76.9","76.9","30.032236688131","30.032236688131","5.582","1.665","3496.04","3092.8133333333","3050.7492703407","2852.7581376518","0","0","0","1","5817514.91325","5814540.4214","1.0005115609549","1.0005115609549"
"121G_URM","121G_URM","1","20","327","MD/TVD","2","2.6","0.05","20","","","0","0","3268","3260","0","0","3022.12","3014.56","","","25.3","27.001","22.367608143723","22.375084660142","1.581","1.311","340","440","339.98","439.5","-0.4","0","8","0.99999913870423","4990751.52","4963147.6","1.0055617769659","1.0006992691672"
"1224_AR_NFW","1224_AR_NFW","1","20","394","MD/TVD","2","5.3","0.05","20","","","0","0","3924","3924","0","0","3062.26","3062.26","","","88.711","88.711","38.703477578421","38.703477578421","10.853","1.213","3884.6666666667","2900","3060.7952121212","2639.41","0","0","0","1","6869330.46","6848140.31","1.0030942926168","1.0030942926168"
"1226_AR","1226_AR","1","20","157","MD/TVD","2","4.5","0.05","20","","","0","0","3670","3670","0","0","3064.59","3064.59","","","88.459","88.459","33.380189456921","33.380189456921","3.036","3.841","3636.79","3432.74","3063.4215440854","3027.8282746051","0","0","0","1","6269392.38975","6270878.1209","0.99976307446559","0.99976307446559"
"1226_AR_NFW","1226_AR_NFW","1","20","157","MD/TVD","2","4.5","0.05","20","","","0","0","3670","3670","0","0","3064.59","3064.59","","","88.459","88.459","33.380189456921","33.380189456921","3.036","3.841","3636.79","3432.74","3063.4215440854","3027.8282746051","0","0","0","1","6269392.38975","6270878.1209","0.99976307446559","0.99976307446559"
"122_URM","122_URM","1","19","388","MD/TVD","2","4.3","0.05","20","","","0","0","3880","3880","0","0","3075","3075","","","44.459","47.156","37.577820614482","37.577820614482","4.222","2.01","3833.3333333333","170","3029.0444444444","169.8","0","0","0","1","6027088","6022545","1.0007543322632","1.0007543322632"
"123_URM","123_URM","1","1","2","MD/TVD","2","","0.5","18","","","","","","","","","","","","","","","","","","","","","","","","","","","","","",""
"125_URM_INJ","125_URM_INJ","1","19","346","MD/TVD","2","6","0.05","20","","","0","0","3450","3450","0","0","3056.04","3056.04","","","40.699","44.684","27.648795478144","27.648795478144","4.382","1.538","3406.6666666667","410","3012.785","409.46","0","0","0","1","5309941.35","5309390.7","1.0001037124655","1.0001037124655"
"126_URM","126_URM","1","20","349","MD/TVD","2","3.7","0.05","20","","","0","0","3475.4","3475.4","0","0","3084.93","3084.93","","","34.753","36.774","27.420899029973","27.420899029973","5.98","1.425","3405.1333333333","680","3015.93715","675.32","0","0","0","1","5408215.635","5408422.885","0.99996168014144","0.99996168014144"
"127_URM","127_URM","1","20","349","MD/TVD","2","3.7","0.05","20","","","0","0","3475.4","3475.4","0","0","3084.93","3084.93","","","34.753","36.774","27.420899029973","27.420899029973","5.98","1.425","3405.1333333333","680","3015.93715","675.32","0","0","0","1","5408215.635","5408422.885","0.99996168014144","0.99996168014144"
"128_URM","128_URM","1","18","371","MD/TVD","2","5.4","0.5","18","","","0","0","3652","3652","0","0","3127.89","3127.89","","","84.836","84.836","31.075613485574","31.075613485574","28.819","11.293","3634","3647.3333333333","3125.3612","3127.4193333333","0","0","0","1","6246265.3","6248648.1477","0.99961866188595","0.99961866188595"
"129_URM","129_URM","1","18","110","MD/TVD","2","4","0.5","18","","","0","0","3507.1","3507","0","0","3113.35","3113.35","","","73.627","73.48","27.410908460701","27.407757929392","5.599","4.3","3475.93","3137.5066666667","3104.1040012845","2928.246155914","-0.006","0","0.1","0.99999999987686","5797711.58925","5801657.017","0.99931994812199","0.99926632437619"
"1303_AR","1303_AR","1","19","162","MD/TVD","2","4","0.05","20","","","0","0","3541.34","3541.34","0","0","3078.66","3078.66","","","78.009","78.024","29.616935678342","29.616935678342","5.357","2.681","3530.6066666667","3438.9933333333","3076.4249923897","3052.294995925","0","0","0","1","5883969.79475","5883189.67125","1.0001326021331","1.0001326021331"
"1304_AR","1304_AR","1","19","382","MD/TVD","2","5.6","0.05","20","","","0","0","3890","3890","0","0","3117.07","3117.07","","","82.962","86.101","36.745256801945","36.745256801945","2.818","1.56","3826.6666666667","2820","3108.8250980392","2662.64","0","0","0","1","6967082.95","6957502.85","1.001376945178","1.001376945178"
"1307_AR","1307_AR","1","20","361","MD/TVD","2","4.8","0.05","20","","","0","0","3577.22","3577.22","0","0","3094.61","3094.61","","","86.824","86.824","30.10724782439","30.10724782439","7.981","7.119","3562.4066666667","3486.3333333333","3093.3392977778","3076.707037037","0","0","0","1","6042026.3402","6039389.1862","1.0004366590592","1.0004366590592"
"1309_AR","1309_AR","1","20","201","MD/TVD","2","5.1","0.05","20","","","0","0","4254","4254","0","0","3076.93","3076.93","","","89.462","92.39","43.672158856789","43.672158856789","3.097","1.593","4046.36","3082.63","3074.5842762625","2899.566216985","18.346","0","366.919","0.99754585017316","8229554.96225","8227389.70725","1.0002631764238","1.0002631764238"
"130_URM","130_URM","1","18","366","MD/TVD","2","5.4","0.5","18","","","0","0","3600","3600","0","0","3122.38","3122.38","","","78.314","79.339","29.85042058102","29.85042058102","4.136","16.769","3563.3333333333","3486.7666666667","3114.6185185185","3098.7643","0","0","0","1","6178830.2426","6176855.2021","1.0003197485509","1.0003197485509"
"1310_AR","1310_AR","1","20","152","MD/TVD","2","5.5","0.05","20","","","0","0","3511","3511","0","0","3065.59","3065.59","","","79.012","79.012","29.174548213617","29.174548213617","7.259","2.079","3492.8066666667","2832.1733333333","3061.721799691","2658.9312987013","0","0","0","1","5756928.5228","5756060.52575","1.0001507970679","1.0001507970679"
"1315_AR","1315_AR","1","20","215","MD/TVD","2","4.6","0.05","20","","","0","0","4116","4116","0","0","3062.42","3062.42","","","89.45","90.65","41.924305041189","41.924305041189","2.905","2.595","3920.9933333333","3423.0966666667","3060.2759419244","3039.8958407318","0","0","0","1","7689107.15165","7690596.26815","0.9998063717756","0.9998063717756"
"1316_AR","1316_AR","1","18","341","MD/TVD","2","4.3","0.05","20","","","0","0","3320","3400","0","0","3062.83","3084.9","","","70.222","74.038","22.699841555852","24.861935526374","1.758","1.855","3210","3200","3023.9","3019.31","0","0","0","1","5405997.1","5652012.6","0.9564729385069","0.99998047576844"
"131_URM","131_URM","1","18","131","MD/TVD","2","3.5","0.5","18","","","0","0","3448.94","3448.94","0","0","3039.08","3039.08","","","72.97","72.97","28.216965672831","28.216965672831","1.564","1.506","3411.6466666667","3370.2633333333","3027.7641532258","3013.0354139785","0","0","0","1","5651999.7548","5655068.2224","0.99945739512251","0.99945739512251"
"1323_AR","1323_AR","1","20","288","MD/TVD","2","5","0.05","20","","","0","0","3619.08","3619.08","0","0","3069.94","3069.94","","","83.495","83.495","31.976507299615","31.976507299615","1.989","1.701","3516.15","3127.83","3049.1597529361","2914.0464882401","0","0","0","1","6123675.7911","6120584.39055","1.0005050825792","1.0005050825792"
"132_URM","132_URM","1","18","135","MD/TVD","2","4.1","0.5","18","","","0","0","3597.26","3597.26","0","0","3065.65","3065.65","","","80.646","80.646","31.546254485228","31.546254485228","5.205","2.308","3585.7533333333","3589.0866666667","3063.6652566667","3064.30286","0","0","0","1","5975978.78975","5979793.52555","0.99936206228799","0.99936206228799"
"1331_AR","1331_AR","1","20","366","MD/TVD","2","5.2","0.5","20","","","0","0","3641","3641","0","0","3068.66","3068.66","0","88.28083091","88.281","88.797","32.562278576509","32.562278576509","51.364","8.412","3620.3333333333","3637","3067.7876111111","3068.567","0","0","0","1","6163149.795","6165118.195","0.99968071982763","0.99968071982763"
"1333_AR","1333_AR","1","20","361","MD/TVD","2","4.1","0.05","20","","","0","0","3600","3600","0","0","3070.98","3070.98","","","70.488","70.488","31.45502972774","31.45502972774","4.285","1.252","3566.6666666667","460","3059.3770833333","458.14","0","0","0","1","5928542.35","5931136.9","0.99956255435615","0.99956255435615"
"1340_AR","1340_AR","1","20","380","MD/TVD","2","5.3","0.05","20","1","1","0","0","3780","3780","0","0","3073.22","3073.22","","","93.555","93.555","35.607833633892","35.607833633892","5.587","3.272","3736.6666666667","3507.6666666667","3074.1884848485","3056.2276666667","-1.2","0","154","0.99956057993911","6542923.2","6545044.765","0.99967585172047","0.99967585172047"
"1341_AR","1341_AR","1","20","355","MD/TVD","2","4.5","0.05","20","","","0","0","3525.21","3525.21","0","0","3062.02","3062.02","","","79.829","79.829","29.702903081038","29.702903081038","8.476","1.738","3498.4033333333","3270","3056.4813985714","2973.8","0","0","0","1","5841936.7776","5843712.7806","0.99969608311245","0.99969608311245"
"1342_AR","1342_AR","1","20","207","MD/TVD","2","4.9","0.05","20","1","1","0","0","3750","3750","0","0","3080.22","3080.22","","","90.513","90.513","34.775617975207","34.775617975207","2.622","1.742","3650.35","2692.0833333333","3080.3560030657","2635.2492112372","0.812","0","282.712","0.99695392857613","6694019.32875","6694450.61505","0.99993557554984","0.99993557554984"
"1350_AR","1350_AR","1","19","160","MD/TVD","2","5.1","0.05","20","","","0","0","3462.59","3462.59","0","0","3085.46","3085.46","","","79.904","80.518","26.990167586317","26.990167586317","2.511","1.668","3440.4533333333","3096.7933333333","3081.1951819742","2954.884897153","0","0","0","1","5863937.01525","5864302.2581","0.99993771759471","0.99993771759471"
"1351_AR","1351_AR","1","20","176","MD/TVD","2","4","0.05","20","","","0","0","3511.6","3511.6","0","0","3080.07","3080.07","","","87.003","87.003","28.70395690078","28.70395690078","4.323","3.352","3498.66","3498.66","3079.3910258152","3079.3910258152","0","0","0","1","5885027.0978","5885666.83065","0.99989130664912","0.99989130664912"
"135_URM","135_URM","1","20","348","MD/TVD","2","3.8","0.5","20","","","0","0","3435.2","3435.2","0","0","3045.3","3045.3","","","59.618","59.618","27.563492223064","27.563492223064","5.55","28.395","3428.4","3366.71","3041.8508","3007.91877","0","0","0","1","5454159.222","5451715.99435","1.0004481575439","1.0004481575439"
"141_KLG","141_KLG","1","7","95","MD/TVD","2","0.2","0.5","18","","","0","0","3008","3008","0","0","3007.8","3007.8","0","0","0.879","5.126","0.66071796954166","0.66071796954166","0.22","0.906","2986","2994.3333333333","2985.8","2994.1333333333","0","0","0","1","4523782.9","4523924.15","0.99996877710693","0.99996877710693"
"147_KLG","147_KLG","1","5","321","MD/TVD","2","0.2","0.5","18","","","0","0","3200","3200","0","0","3199","3199","0","0","1.551","25.842","1.43243179239","1.43243179239","0.62","3.692","3043.3333333333","2690","3042.3333333333","2690","0","0","0","1","5118165","5119525","0.99973435035477","0.99973435035477"
"149_URM","149_URM","1","20","356","MD/TVD","2","3.9","0.05","20","","","0","0","3584","3584","0","0","3079.01","3079.01","","","36.75","39.286","30.784456799732","30.784456799732","1.317","1.196","3316.6666666667","3330","2814.0066666667","2826.93","0","0","0","1","5560378.05","5559736.35","1.0001154191421","1.0001154191421"
"156_URM","156_URM","1","18","324","MD/TVD","2","4.2","0.5","18","","","0","0","3230","3230","-122.25","-122.25","2745.76","2745.76","","","62.484","63.192","27.38587719319","27.38587719319","3.999","1.145","3153.3333333333","2850","2710.2828571429","2550.39","0","0","0","1","4554458.65","4556236.25","0.99960985341794","0.99960985341794"
"1601_AR","1601_AR","1","20","403","MD/TVD","2","5.3","0.05","20","1","1","0","0","4000","4000","0","0","3074.17","3074.17","","","90.458","90.63","39.776813568154","39.776813568154","5.343","2.362","3893.3333333333","3605.2833333333","3074.1791111111","3058.7804843305","-14.811","0","306.216","0.99910593237784","7089815.65","7092602.30975","0.99960710334116","0.99960710334116"
"1604_AR","1604_AR","1","20","206","MD/TVD","2","4.4","0.05","20","","","0","0","4117.47","4117.47","0","0","3065.67","3065.67","","","89.824","91.569","41.879377368005","41.879377368005","2.714","1.889","3921.9266666667","3590.9766666667","3065.054574531","3063.6562933118","3.895","0","77.895","0.99991429277111","7816768.4728","7816441.5393","1.0000418263859","1.0000418263859"
"1605_AR","1605_AR","1","20","139","MD/TVD","2","3.2","0.05","20","","","0","0","3328","3328","0","0","3041.25","3041.25","","","71.98","71.98","23.958878509008","23.958878509008","14.778","6.056","3313.86","3272.8733333333","3036.6454530657","3022.4703338762","0","0","0","1","5331674.1681","5332956.2717","0.99975958857814","0.99975958857814"
"1606_AR","1606_AR","1","18","343","MD/TVD","2","5.5","0.5","18","","","0","0","3401.29","3401","0","0","3057.36","3057.36","","","85.108","83.685","25.988438819507","25.97841501445","44.889","31.506","3393.7633333333","3397","3056.2334233333","3056.818","-0.016","0","0.29","0.99999999888468","5540697.12345","5541355.7585","0.99988114189402","0.99972118335135"
"1607_AR","1607_AR","1","20","224","MD/TVD","2","4.3","0.05","20","1","1","0","0","4215","4215","0","0","3071.24","3071.24","","","90.583","90.923","43.227054118954","43.227054118954","2.365","1.907","3489.55","2843.1633333333","3056.7294279661","2720.1979739626","-24.591","0","514.43","0.99670309626821","8014541.2694","8016245.8326","0.99978736141136","0.99978736141136"
"1608_AR","1608_AR","1","20","419","MD/TVD","2","5.3","0.5","20","1","1","0","0","4170","4170","0","0","3078.87","3078.87","0","89.999961495","90.802","90.802","42.40995853507","42.40995853507","5.405","6.287","3953.3333333333","3366.3333333333","3078.9607936508","3050.9514814815","-31.488","0","639.756","0.99480406731631","7965555.2","7967294.015","0.99978175588892","0.99978175588892"
"1609_AR","1609_AR","1","20","140","MD/TVD","2","4.3","0.05","20","","","0","0","3386","3386","0","0","3057.03","3057.03","","","81.952","81.952","25.465537879633","25.465537879633","7.365","4.719","3368.6666666667","3280.2666666667","3053.606","3029.1316409005","0","0","0","1","5597964.0278","5597789.0733","1.0000312542144","1.0000312542144"
"1610_AR","1610_AR","1","20","347","MD/TVD","2","4.3","0.05","20","","","0","0","3440.62","3440.62","0","0","3060.71","3060.71","","","74.086","74.276","27.179363896951","27.179363896951","68.631","7.032","3416.8733333333","3436.8733333333","3053.7804057143","3059.6926733333","0","0","0","1","5728831.2375","5729964.5625","0.99980221081865","0.99980221081865"
"1612_AR","1612_AR","1","20","416","MD/TVD","2","5.3","0.05","20","","","0","0","4150","4150","0","0","3076.14","3076.14","0","89.598887934","89.934","91.203","42.162971473721","42.162971473721","4.982","1.572","4016.6666666667","3450","3075.9271929825","3000.79","14.083","0","281.667","0.99928968974959","7557265.95","7560858.9","0.99952479605194","0.99952479605194"
"1615_AR","1615_AR","1","20","363","MD/TVD","2","4.9","0.05","20","","","0","0","3601","3601","0","0","3096.92","3096.92","","","81.952","81.952","30.681546244962","30.681546244962","44.766","1.251","3573.6666666667","3510","3092.9452083333","3083.17","0","0","0","1","6219552.05","6221229.79185","0.9997303199036","0.9997303199036"
"1616_AR","1616_AR","1","18","394","MD/TVD","2","6.5","0.05","20","1","1","0","0","3926.13","3926.13","0","0","3069.95","3069.95","","","90.28","91.662","38.562581113824","38.562581113824","7.797","1.47","3808.71","2790","3069.4693752941","2685.91","-13.459","0","192.54","0.9994788722176","7163833.33545","7160683.38545","1.0004398951651","1.0004398951651"
"1617_AR","1617_AR","1","20","366","MD/TVD","2","5.2","0.5","20","","","0","0","3641","3641","0","0","3068.66","3068.66","0","88.28083091","88.281","88.797","32.562278576509","32.562278576509","51.364","8.412","3620.3333333333","3637","3067.7876111111","3068.567","0","0","0","1","6163149.795","6165118.195","0.99968071982763","0.99968071982763"
"1618_AR","1618_AR","1","18","408","MD/TVD","2","6","0.5","18","","","0","0","4066","4066","0","0","3065.38","3065.38","0","89.617986965","89.618","90.458","41.070168453816","41.070168453816","10.213","1.359","3938.6666666667","3450","3064.2316036036","3001.49","0","0","0","1","7328368.66","7330828.36","0.99966447175146","0.99966447175146"
"1901_AR","1901_AR","1","20","412","MD/TVD","2","5.3","0.05","20","","","0","0","4104","4104","0","0","3101.62","3101.62","","","89.29","91.031","40.908584647995","40.908584647995","11.057","1.631","3951.3333333333","4088","3099.7165333333","3101.364","0","0","0","1","7673962.41","7674382.16","0.99994530504329","0.99994530504329"
"1902_AR","1902_AR","1","20","422","MD/TVD","2","5.4","0.05","20","1","1","0","0","4210","4210","0","0","3101.73","3101.73","","","90.401","91.834","42.544452013637","42.544452013637","4.962","1.427","4066.6666666667","3350","3101.9008130081","2974.52","19.682","0","420","0.99808424895456","7865964.4","7866804.05","0.9998932666945","0.9998932666945"
"1903_AR","1903_AR","1","20","405","MD/TVD","2","5.5","0.05","20","1","1","0","0","4030.3","4030.3","0","0","3101.99","3101.99","","","91.91","92.637","39.675980575291","39.675980575291","150.11","17.313","3933.4333333333","4026.7666666667","3102.6892862069","3102.0743666667","-4.91","0","388.791","0.99636563234455","7556689.4485","7558786.1985","0.99972260757945","0.99972260757945"
"1904_AR","1904_AR","1","20","418","MD/TVD","2","5.3","0.05","20","","","0","0","4170","4170","0","0","3101.63","3101.63","","","89.826","91.433","41.944197597878","41.944197597878","4.485","1.704","3983.3333333333","2840","3100.6934567901","2765.94","-23.524","0","470.476","0.99728150811939","7998306.75","7999280.25","0.99987830155094","0.99987830155094"
"1904_AR_FON","1904_AR_FON","1","20","418","MD/TVD","2","5.3","0.05","20","","","0","0","4170","4170","0","0","3101.63","3101.63","","","89.826","91.433","41.944197597878","41.944197597878","4.485","1.704","3983.3333333333","2840","3100.6934567901","2765.94","-23.524","0","470.476","0.99728150811939","7998306.75","7999280.25","0.99987830155094","0.99987830155094"
"1905_AR_PROJECT","1905_AR_PROJECT","1","20","412","MD/TVD","2","5.2","0.05","20","1","1","0","0","4107","4107","0","0","3087.14","3087.14","","","91.392","92.006","41.264091468507","41.264091468507","7.266","1.606","3922.3333333333","3220","3087.2540679012","3008.77","-18.5","0","462","0.99698917337057","7797470.925","7799663.225","0.99971892376161","0.99971892376161"
"1906_AR","1906_AR","1","11","312","MD/TVD","2","2.7","0.05","20","","","0","0","3091","3091","0","0","3086.54","3086.54","","","9.454","10.263","3.0782776642392","3.0782776642392","26.231","6.719","3087","3057","3082.54","3052.563","0","0","0","1","4767349.74","4767301.68395","1.0000100803459","1.0000100803459"
"1907_AR","1907_AR","1","18","182","MD/TVD","2","5.5","0.5","18","1","1","0","0","3870","3870","0","0","3072.02","3072.02","","","90.802","90.802","37.457600078979","37.457600078979","5.463","1.647","3833.3333333333","3700","3071.8281481481","3062.05","-3.574","0","74.333","0.99994212910268","6581618.75495","6581952.6393","0.99994927275107","0.99994927275107"
"1_SML","1_SML","1","2","543","MD/TVD","2","41.6","0.5","18","","","0","0","2752","3660","0","0","2752","2770","0","89.999961495","","97.181","0","40.8144182459","","59.157","","476.33333333333","","464.62962962963","189","0","378","1","3786752","6069815","0.62386613101058","1.0545049343175"
"200-Kulg","200-Kulg","1","9","403","MD/TVD","2","26","0.5","20","","","0","0","4012","4012","0","0","3076","3076","","","90","90","39.941539346749","39.941539346749","102.526","3.692","3787.3333333333","500","3054.7303482587","492","0.222","0","2","0.99999994014201","7206117","7238382","0.99554251212495","0.99554251212495"
"2003_AR","2003_AR","1","17","369","MD/TVD","2","4","0.5","20","","","0","0","3550","3674.16","0","0","3036.53","3076.72","","","64.718","79.053","31.200408875701","33.134039859308","1.439","7.452","3326.6666666667","3668.0533333333","2930.2247368421","3075.4997866667","0","0","0","1","5735864","6115020.362","0.93799589542561","1.0000975623883"
"2004_AR","2004_AR","1","19","358","MD/TVD","2","3.7","0.05","20","","","0","0","3710","3517","0","0","3037.91","3076.18","","","39.488","59.626","35.03079277554","28.995211537014","3.332","5.581","3683.3333333333","3186.5233333333","3012.2366666667","2896.7148066876","-128.818","0","414.941","0.99945342410025","5766655.35","5734568.2794","1.0055953768508","0.91125290499122"
"2005_AR","2005_AR","1","20","171","MD/TVD","2","4.2","0.05","20","","","0","0","3676.57","3676.57","0","0","3066.19","3066.19","","","84.76","84.76","33.490105018706","33.490105018706","7.868","3.334","3652.19","3644.2566666667","3062.642445","3062.0021466667","0","0","0","1","6194779.5389","6198510.73705","0.99939804925598","0.99939804925598"
"2006_AR","2006_AR","1","20","373","MD/TVD","2","5.1","0.5","20","1","1","0","0","3720","3720","-109.82","-109.82","2949.25","2949.25","","","90.802","90.802","34.681214569083","34.681214569083","5.884","1.99","3663.3333333333","2840","2949.166","2656.01","-6.429","0","138.571","0.99971060747542","6157242.45","6158549.15","0.99978782340318","0.99978782340318"
"2007_AR","2007_AR","1","16","212","MD/TVD","2","8","0.5","18","1","1","0","0","4131","4131","0","0","3070.68","3070.68","0","89.999961495","90.921","90.921","41.984478103842","41.984478103842","5.29","4.294","3929.23","3204.8666666667","3070.3053846954","2946.7748184282","-34.748","0","570.273","0.99479452924739","7755293.53465","7754649.0156","1.0000831138906","1.0000831138906"
"2009_AR","2009_AR","1","20","152","MD/TVD","2","4.6","0.5","20","","","0","0","3620","3620","0","0","3074.36","3074.36","","","89.255","89.255","31.867562937025","31.867562937025","4.712","2.244","3600","3560.8","3073.45","3070.0428","0","0","0","1","6230170.0216","6233909.4047","0.99940015440436","0.99940015440436"
"200_URM","200_URM","1","19","333","MD/TVD","2","2.9","0.5","20","","","0","0","3320","3320","-122.25","-122.25","2981.86","2981.86","","","27.174","29.773","20.77623415823","20.77623415823","2.476","1.555","3260","170","2922.356875","47.73","0","0","0","1","4693824.25","4690940.85","1.000614674133","1.000614674133"
"2010_AR","2010_AR","1","20","356","MD/TVD","2","4.5","0.5","20","","","0","0","3520.66","3520.66","0","0","3060.64","3060.64","0","","79.733","79.733","29.618314277899","29.618314277899","3.538","4.012","3506.8866666667","3297.2","3058.07686","2985.584","0","0","0","1","5847327.0454","5844647.0254","1.0004585426611","1.0004585426611"
"2011_AR","2011_AR","1","20","387","MD/TVD","2","5","0.05","20","","","0","0","3819","3819","0","0","3075.01","3075.01","","","89.936","90.286","36.371659776969","36.371659776969","5.577","7.01","3762.3666666667","3646.0333333333","3074.9435549704","3073.9790333333","-14.925","0","153.5","0.99960617180966","6532760.1025","6533799.97815","0.99984084672725","0.99984084672725"
"2011_AR_FON","2011_AR_FON","1","20","387","MD/TVD","2","5","0.05","20","","","0","0","3819","3819","0","0","3075.01","3075.01","","","89.936","90.286","36.371659776969","36.371659776969","5.577","7.01","3762.3666666667","3646.0333333333","3074.9435549704","3073.9790333333","-14.925","0","153.5","0.99960617180966","6532760.1025","6533799.97815","0.99984084672725","0.99984084672725"
"2012_AR","2012_AR","1","5","316","MD/TVD","2","26","0.5","18","","","0","0","3150","3150","0","0","3089","3089","0","1.9072E-5","14.514","25.842","11.294073715017","11.294073715017","1.018","3.692","2516.6666666667","1680","2475.5602836879","1661","0","0","0","1","4901725","4884785","1.0034679110749","1.0034679110749"
"201_URM","201_URM","1","19","359","MD/TVD","2","3.7","0.05","20","","","0","0","3600","3600","0","0","3070.67","3070.67","","","38.39","41.496","31.464483277132","31.464483277132","1.422","1.353","776.66666666667","800","769.42391666667","790.705","0","0","0","1","5641337.955","5635866.976","1.0009707431036","1.0009707431036"
"202-Kulg","202-Kulg","1","19","114","MD/TVD","2","1.9","0.5","20","","","0","0","2851","2851","0","0","2757.06","2757.06","","","36.725","36.725","14.749050540542","14.749050540542","4.352","8.891","2838.3666666667","2838.3666666667","2746.7552496626","2746.7552496626","0","0","0","1","3944491.3705","3945892.502","0.99964491392016","0.99964491392016"
"2022_AR","2022_AR","1","20","374","MD/TVD","2","4.4","0.5","20","","","0","0","3727.5","3727.5","0","0","3060.86","3060.86","","","77.917","77.917","34.799291034216","34.799291034216","5.839","3.429","3719.1666666667","3719.1666666667","3059.0975","3059.0975","0","0","0","1","6136787.6625","6134927.8125","1.0003031576013","1.0003031576013"
"2023_AR","2023_AR","1","20","369","MD/TVD","2","4","0.5","20","","","0","0","3674.16","3674.16","0","0","3076.72","3076.72","","","79.053","79.053","33.134039859308","33.134039859308","11.084","7.452","3661.3866666667","3668.0533333333","3073.6704355556","3075.4997866667","0","0","0","1","6115527.912","6115020.362","1.0000830005413","1.0000830005413"
"2027_AR","2027_AR","1","18","356","MD/TVD","2","4.9","0.5","18","","","0","0","3526.3","3526.3","-109.41","-109.41","2951.77","2951.77","","","73.872","73.872","29.761441370763","29.761441370763","8.308","2.386","3498.7666666667","3508.7666666667","2943.195","2946.8074","0","0","0","1","5411713.8385","5413395.7585","0.99968930407548","0.99968930407548"
"202_URM","202_URM","1","20","388","MD/TVD","2","4.1","0.05","20","","","0","0","3867","3867","0","0","3030.88","3030.88","","","45.301","49.035","38.391951077193","38.391951077193","5.603","1.35","3762.3333333333","590","2931.7768666667","582.088","0","0","0","1","5958012.775","5933444.933","1.0041405696484","1.0041405696484"
"202_UTBG","202_UTBG","1","20","333","MD/TVD","2","3.5","0.5","20","","","0","0","3319","3319","0","0","3003.49","3003.49","","","59.308","60.922","25.185034442248","25.185034442248","3.535","1.418","3289.6666666667","2710","2988.3512857143","2623.03","0","0","0","1","5315573.19","5316430.54","0.99983873578456","0.99983873578456"
"203_URM","203_URM","1","19","372","MD/TVD","2","3.8","0.05","20","","","0","0","3710","3710","0","0","3070.17","3070.17","","","40.094","42.012","34.153233921845","34.153233921845","3.593","1.58","3683.3333333333","3690","3044.73","3050.99","0","0","0","1","5791665.6","5789837.55","1.0003157342472","1.0003157342472"
"203_UTBG","203_UTBG","1","20","124","MD/TVD","2","2.7","0.5","20","","","0","0","3284","3284","0","0","2988.16","2988.16","","","64.411","65.367","24.506428371378","24.506428371378","1.787","1.356","2699.6666666667","2699.6666666667","2668.9517333333","2668.9517333333","0","0","0","1","5287150.98","5287912.09","0.99985606606406","0.99985606606406"
"204-Kulg","204-Kulg","1","20","389","MD/TVD","2","5.3","0.05","20","","","0","0","3880","3880","0","0","3107.45","3107.45","","","88.931","89.885","36.784903577201","36.784903577201","5.058","1.178","3806.6666666667","2790","3106.0388333333","2653.45","0","0","0","1","6965495.25","6963203.75","1.0003290870241","1.0003290870241"
"204_UTBG","204_UTBG","1","20","348","MD/TVD","2","5.8","0.05","20","","","0","0","3470","3470","0","0","3025.75","3025.75","","","82.299","82.299","29.311144924447","29.311144924447","7.475","6.248","3456.6666666667","3460","3023.8","3024.41","0","0","0","1","5718237.875","5717392.86","1.0001477972602","1.0001477972602"
"205-Kulg","205-Kulg","1","20","328","MD/ANGLE","2","2.6","0.5","20","","","0","0","3270","3270","0","0","2936.68","2936.68","0","51.6","51.538","51.83","26.094828837836","26.094828837836","2.758","1.126","3243.3333333333","3180","2920.0683333333","2879.87","0","0","0","1","4963735.61","4963461.95","1.0000551349044","1.0000551349044"
"205P_UTBG","205P_UTBG","1","20","328","MD/TVD","2","2.4","0.05","20","","","0","0","3275","3275","0","0","3066.54","3066.54","","","26.717","28.237","20.552958635096","20.552958635096","1.396","0.874","3221.6666666667","220","3014.931025641","219.974","0","0","0","1","5062519.515","5064286.291","0.99965113030771","0.99965113030771"
"205_URM","205_URM","1","20","328","MD/TVD","2","1.9","0.05","20","","","0","0","3270","3270","0","0","3087.55","3087.55","","","22.392","23.652","19.229852768495","19.229852768495","2.115","1.241","3196.6666666667","230","3015.1458333333","229.72","0","0","0","1","5039635.8","5037499.25","1.0004241290954","1.0004241290954"
"206_URM","206_URM","1","20","357","MD/TVD","2","3.8","0.05","20","","","0","0","3640","3640","0","0","3067.9","3067.9","","","70.461","70.461","32.559856735481","32.559856735481","1.088","1.213","2520","3500","2454.45","3019.03","0","0","0","1","6277784.215","6274170.714","1.0005759328467","1.0005759328467"
"206_UTBG","206_UTBG","1","20","363","MD/TVD","2","4.3","0.5","20","","","0","0","3619","3619","0","0","3055.2","3055.2","","","72.676","72.722","32.412489107195","32.412489107195","3.78","1.498","3556.3333333333","3170","3036.3789607843","2890.81","0","0","0","1","6110539.99","6108050.94","1.0004075031503","1.0004075031503"
"207_UTBG","207_UTBG","1","7","378","MD/TVD","2","26","0.5","20","","","0","0","3770","3770","0","0","3080","3080","0","0","41.1","45.573","35.216771892861","35.216771892861","3.666","5.267","3603.3333333333","610","2919.8611111111","598","0","0","0","1","5861290","5846570","1.0025177155153","1.0025177155153"
"208_URM","208_URM","1","19","198","MD/TVD","2","4.7","0.05","20","","","0","0","3974.87","3974.87","0","0","3096.33","3096.33","","","89.883","90.929","38.833047371967","38.833047371967","2.355","3.635","3485.2","3346.01","3075.525287727","3024.4482495948","1.462","0","27.77","0.99999007073506","7272493.57095","7270392.2041","1.0002890307415","1.0002890307415"
"211_UTBG","211_UTBG","1","20","324","MD/TVD","2","4","0.05","20","","","0","0","3211.5","3211.5","0","0","3051.08","3051.08","","","55.944","55.944","18.186014123074","18.186014123074","32.192","15.01","3197.1666666667","3207.1666666667","3042.6202083333","3048.6221666667","0","0","0","1","5105770.4634","5105732.7595","1.0000073846207","1.0000073846207"
"212_URM","212_URM","1","18","375","MD/TVD","2","4.8","0.5","18","","","0","0","3750","3750","0","0","2922.35","2922.35","0","11.186759095","77.17","45.493","38.804080870403","38.804080870403","4.392","1.371","3676.6666666667","350","2851.1098333333","233.3","6.482","0","116.68","0.99984461914101","5336957.15","5327012.15","1.0018669001909","1.0018669001909"
"213_URM","213_URM","1","20","396","MD/TVD","2","4.6","0.5","20","","","0","0","3946.5","3946.5","0","0","3058.34","3058.34","","","47.882","50.802","39.199504398011","39.199504398011","5.955","1.842","3932.1666666667","3938.8333333333","3044.5247777778","3050.9265","0","0","0","1","6059744.6675","6050149.6175","1.0015859194576","1.0015859194576"
"214_UTBG","214_UTBG","1","7","329","MD/TVD","2","26","0.05","20","","","0","0","3274","3274","0","0","2992.6","2992.6","","","66.422","72.542","23.928814371934","23.928814371934","53.313","3.692","3221.3333333333","2500","2970.2355555556","2470","0","0","0","1","5214172.2","5242672.2","0.99456384093593","0.99456384093593"
"221_URM","221_URM","1","7","346","MD/TVD","2","26","0.05","20","","","0","0","3450","3450","0","0","3078","3078","0","0","30.173","36.87","26.852296111135","26.852296111135","1.798","4.922","3290","3440","2923.2173913043","3068","0","0","0","1","5310795","5320610","0.99815528670585","0.99815528670585"
"229_URM","229_URM","1","19","330","MD/TVD","2","4.6","0.05","20","","","0","0","3285.4","3285.4","0","0","2749.18","2749.18","","","41.368","44.928","33.197626368551","33.197626368551","6.577","1.323","3181.8","460","2647.5467037037","445.02","0","0","0","1","4450476.943","4454553.493","0.99908485777387","0.99908485777387"
"230_URM","230_URM","1","19","343","MD/TVD","2","4.6","0.5","20","","","0","0","3420","3420","-122.25","-122.25","2896.85","2896.85","","","62.354","62.354","28.020717720064","28.020717720064","3.681","1.532","3320","2710","2848.2996428571","2518.76","0","0","0","1","5227093.1","5226861.5","1.0000443095728","1.0000443095728"
"231_URM","231_URM","1","19","327","MD/TVD","2","5.3","0.5","20","","","0","0","3270","3270","-116.68","-116.68","2959.24","2959.24","","","50.876","50.876","19.839280480906","19.839280480906","4.828","4.345","3233.3333333333","3179.6666666667","2934.8292592593","2898.5866666667","0","0","0","1","4871917.7","4871416.34","1.0001029187335","1.0001029187335"
"234_URM","234_URM","1","19","358","MD/TVD","2","3.7","0.05","20","","","0","0","3561","3561","0","0","3079.2","3079.2","","","36.104","38.739","30.151427478722","30.151427478722","52.058","38.951","3550.3333333333","3557","3068.8555555556","3075.29","0","0","0","1","5555935.2","5555011.7","1.0001662462745","1.0001662462745"
"235_URM","235_URM","1","7","383","MD/TVD","2","26","0.05","20","","","0","0","3830","3830","0","0","3084","3084","0","1.9072E-5","40.407","45.573","36.368306041711","36.368306041711","3.041","3.692","3730","440","2986.8928571429","431","0","0","0","1","5978850","5993540","0.99754902778658","0.99754902778658"
"236_URM","236_URM","1","17","890","MD/TVD","2","5.8","0.05","20","","","0","0","4440.8","4440.8","0","0","3121.76","3121.76","","","70.525","76.113","45.33402776845","45.33402776845","1.048","9.101","650","4410","632.35","3106.59","0","0","0","1","8022752.614","9136553.152","0.8780940120995","0.8780940120995"
"25Р_URM","25Р_URM","1","15","160","MD/TVD","2","1.5","0.05","20","","","0","0","3150","3150","0","0","3148.28","3148.28","","","2.572","3.139","1.8935044945401","1.8935044945401","0.181","0.259","2940","3036.6666666667","2938.31","3034.9666666667","0","0","0","1","4959236.45","4959233.8","1.0000005343567","1.0000005343567"
"26P_URM","26P_URM","1","18","308","MD/TVD","2","3.5","0.5","20","","","0","0","3065","3065","0","0","2815.3","2815.3","","","54.549","54.549","23.287622224515","23.287622224515","6.904","4.715","3055","3058.3333333333","2809.475","2811.4333333333","0","0","0","1","4458484.75","4459447.25","0.99978416607574","0.99978416607574"
"26P_URM_FON","26P_URM_FON","1","18","308","MD/TVD","2","3.5","0.5","20","","","0","0","3065","3065","0","0","2815.3","2815.3","","","54.549","54.549","23.287622224515","23.287622224515","6.904","4.715","3055","3058.3333333333","2809.475","2811.4333333333","0","0","0","1","4458484.75","4459447.25","0.99978416607574","0.99978416607574"
"27ПО_URM","27ПО_URM","1","15","163","MD/TVD","2","0.3","0.05","20","","","0","0","3250","3250","0","0","3249.31","3249.31","0","1.4","2.563","2.563","1.1806690507508","1.1806690507508","0.203","0.196","3216.6666666667","3170","3215.9911111111","3169.34","0","0","0","1","5280413.2","5280617.88","0.99996123938436","0.99996123938436"
"27ПО_URM_FON","27ПО_URM_FON","1","15","163","MD/TVD","2","0.3","0.05","20","","","0","0","3250","3250","0","0","3249.31","3249.31","0","1.4","2.563","2.563","1.1806690507508","1.1806690507508","0.203","0.196","3216.6666666667","3170","3215.9911111111","3169.34","0","0","0","1","5280413.2","5280617.88","0.99996123938436","0.99996123938436"
"29PO_URM_test","29PO_URM_test","1","7","315","MD/TVD","2","2.7","0.5","18","","","0","0","3150","3150","0","0","3148.03","3148.03","","","3.92","4.439","2.0264603135711","2.0264603135711","0.497","0.518","2960","2590","2958.1405660377","2588.29","0","0","0","1","4959375.45","4959532.85","0.99996826313994","0.99996826313994"
"29PO_URM_test_ESP","29PO_URM_test_ESP","1","7","315","MD/TVD","2","2.7","0.5","18","","","0","0","3150","3150","0","0","3148.03","3148.03","","","3.92","4.439","2.0264603135711","2.0264603135711","0.497","0.518","2960","2590","2958.1405660377","2588.29","0","0","0","1","4959375.45","4959532.85","0.99996826313994","0.99996826313994"
"300_URM","300_URM","1","18","347","MD/TVD","2","5.3","0.05","20","","","0","0","3438","3438","0","0","3076.04","3076.04","","","80.285","80.285","26.527787323549","26.527787323549","6.351","1.458","3399.3333333333","2570","3068.3021333333","2566.33","0","0","0","1","5797698.57","5797598.6825","1.000017229116","1.000017229116"
"301_URM","301_URM","1","17","304","MD/TVD","2","5.1","0.05","20","","","0","0","3608.88","3800","0","0","3082.52","3084.1","","","88.916","91.354","31.334191194915","35.746932224201","1.548","9.08","3273.9766666667","3687.7033333333","3018.1192243616","3083.0976261373","-2.293","0","38.979","0.99996113311144","6296401.9975","7911185.9963","0.79588597720301","0.89563615397776"
"302_URM","302_URM","1","16","348","MD/TVD","2","11.2","0.05","20","","","0","0","3472","3472","0","0","2740.8","2740.8","","","42.262","45.573","37.870438110194","37.870438110194","8.495","15.754","3420.6666666667","3467.3333333333","2696.9022222222","2736.6","0","0","0","1","4941719.8","4952054.8","0.99791298755418","0.99791298755418"
"307_SML","307_SML","1","20","486","MD/TVD","2","6","0.05","20","","","0","0","3351.86","3351.86","0","0","2762.77","2762.77","","","88.46","89.427","34.487491922786","34.487491922786","29.683","6.97","3263.9533333333","3037","2758.4209761538","2741.576","0","0","0","1","5360995.3157","5357246.8458","1.0006997007993","1.0006997007993"
"310_SML","310_SML","1","18","543","MD/TVD","2","41.6","0.5","18","","","0","0","3660","3660","0","0","2770","2770","0","89.999961495","90","97.181","40.8144182459","40.8144182459","15.471","59.157","2650.3333333333","476.33333333333","2507.9240924092","464.62962962963","4","0","36","0.99998151711047","6067817","6069815","0.99967083016533","0.99967083016533"
"312_SML","312_SML","1","20","409","MD/TVD","2","2.9","0.05","20","","","0","0","2967","2967","0","0","2838.6","2838.6","","","28.145","29.773","16.91765473965","16.91765473965","2.869","6.7","2959.3333333333","1926.3333333333","2831.1203703704","1897.1840740741","0","0","0","1","4293801.555","4293238.9","1.0001310560659","1.0001310560659"
"42P_AR","42P_AR","1","8","127","MD/ANGLE","2","0.7","0.5","20","","","0","0","3150","3150","0","0","3149.15","3149.15","0","1","2.11","2.807","1.3310721063944","1.3310721063944","0.159","0.131","1683.3333333333","1325","1682.7851111111","1324.53","0","0","0","1","4959843.575","4959889.25","0.99999079112502","0.99999079112502"
"44_AR_INJ","44_AR_INJ","1","20","20","MD/TVD","2","","0.05","20","","","0","0","3300","3300","0","0","3300","3300","","","0","0","0","0","0","0","538.4","538.4","538.4","538.4","0","0","0","1","5445000","5445000","1","1"
"500_URM","500_URM","1","1","2","MD/TVD","2","","0.5","18","","","","","","","","","","","","","","","","","","","","","","","","","","","","","",""
"501_URM","501_URM","1","5","354","MD/TVD","2","0.2","0.5","18","","","0","0","3525.21","3525.21","-10","-10","2989.21","2989.21","","","86.919","86.919","31.702407279298","31.702407279298","30.348","2.31","2355.07","3508.4033333333","1997.4314500286","2987.9007533333","0","0","0","1","5263700.5547","5903935.8047","0.89155789101055","0.89155789101055"
"550_URM","550_URM","1","20","358","MD/TVD","2","2.9","0.05","20","","","0","0","3564","3564","0","0","3015.84","3015.84","","","35.756","37.814","32.199772045929","32.199772045929","5.816","1.75","3558","430","3010.186","425.29","0","0","0","1","5435784.47","5428655.07","1.0013132902916","1.0013132902916"
"551_URM","551_URM","1","20","328","MD/TVD","2","3.5","0.05","20","","","0","0","3306","3306","0","0","2998.61","2998.61","","","32.681","34.815","24.903190358037","24.903190358037","4.701","1.159","3295.3333333333","780","2987.9796666667","779.9","0","0","0","1","5047276.22","5046371.27","1.000179326877","1.000179326877"
"5_URM_INJ","5_URM_INJ","1","18","18","MD/TVD","2","","0.05","20","","","0","0","3279","3279","0","0","3279","3279","","","0","0","0","0","0","0","3089.9","3089.9","3089.9","3089.9","0","0","0","1","5375920.5","5375920.5","1","1"
"761_URM_INJ","761_URM_INJ","1","20","207","MD/TVD","2","3.2","0.05","20","","","0","0","3220","3220","0","0","3095.29","3095.29","","","21.557","24.356","15.998235035853","15.998235035853","1.553","1.321","3193.3333333333","150","3068.65","149.96","0","0","0","1","4945934.45","4945782.98","1.0000306260911","1.0000306260911"
"763_URM","763_URM","1","5","320","MD/TVD","2","26","0.05","20","","","0","0","3200","3200","0","0","3167","3167","0","0","8.717","25.842","8.235567678044","8.235567678044","0.439","4.922","2270","3190","2247.6281588448","3157","0","0","0","1","5072365","5074485","0.99958222361481","0.99958222361481"
"765_URM_INJ","765_URM_INJ","1","20","331","MD/TVD","2","4.3","0.05","20","","","0","0","3296","3296","0","0","3091.06","3091.06","","","29.274","32.965","20.311116950131","20.311116950131","6.864","1.72","3132","480","2927.3432083333","479.88","0","0","0","1","5090350.29","5088011.84","1.0004595999525","1.0004595999525"
"766_URM","766_URM","1","18","338","MD/TVD","2","4.2","0.5","18","","","0","0","3370","3370","0","0","3095.13","3095.13","","","69.574","69.574","23.301474491681","23.301474491681","4.697","1.699","3333.3333333333","2720","3081.3022222222","2672.55","0","0","0","1","5534886.2","5534170.35","1.0001293509153","1.0001293509153"
"767_URM_INJ","767_URM_INJ","1","20","361","MD/TVD","2","5.7","0.05","20","","","0","0","3600","3600","0","0","3075.47","3075.47","","","40.771","43.946","31.317818562751","31.317818562751","5.868","1.545","3533.3333333333","460","3011.0309259259","456.32","0","0","0","1","5566278.3","5563766.45","1.0004514657512","1.0004514657512"
"769_URM_INJ","769_URM_INJ","1","19","355","MD/TVD","2","5.9","0.05","20","","","0","0","3540","3540","0","0","3087.69","3087.69","","","43.786","48.547","29.281315860245","29.281315860245","5.344","2.159","3393.3333333333","500","2941.3229365079","492.74","0","0","0","1","5377120.7","5367829.65","1.0017308764633","1.0017308764633"
"770_URM_INJ","770_URM_INJ","1","20","353","MD/TVD","2","6.7","0.05","20","","","0","0","3520","3520","0","0","2981.55","2981.55","","","45.57","51.538","32.109774924876","32.109774924876","5.005","2.479","3473.3333333333","1720","2935.4677777778","1604.64","0","0","0","1","5450892","5444941.75","1.0010928032426","1.0010928032426"
"801_URM","801_URM","1","18","151","MD/TVD","2","3.7","0.5","18","","","0","0","3320","3320","0","0","3097.64","3097.64","","","68.284","68.284","21.088766825546","21.088766825546","3.447","2.235","3301.2133333333","3310","3090.3948844884","3093.94","0","0","0","1","5433070.4329","5432963.30535","1.0000197180699","1.0000197180699"
"802_URM","802_URM","1","18","403","MD/TVD","2","5.7","0.5","18","1","1","0","0","3990","3990","0","0","3129.09","3129.09","0","89.76","90.115","91.318","38.350196676188","38.350196676188","6.043","13.002","3873.3333333333","3286.5733333333","3128.4150505051","2993.4299862826","-2.981","0","63.667","0.99995070315676","7274507.18","7277341.89405","0.99961047397645","0.99961047397645"
"803_URM","803_URM","1","18","338","MD/TVD","2","4.2","0.5","18","","","0","0","3370","3370","0","0","3095.13","3095.13","","","69.574","69.574","23.301474491681","23.301474491681","4.697","1.699","3333.3333333333","2720","3081.3022222222","2672.55","0","0","0","1","5534886.2","5534170.35","1.0001293509153","1.0001293509153"
"804_URM","804_URM","1","18","390","MD/TVD","2","6.1","0.5","18","1","1","0","0","3831","3831","0","0","3124.55","3124.55","","","90.573","91.891","35.353619729992","35.353619729992","54.111","7.898","3750.3333333333","3186.37","3124.9716111111","2987.576597146","11.861","0","241","0.99921022553068","6924424.955","6923694.31485","1.0001055274997","1.0001055274997"
"805_URM","805_URM","1","18","402","MD/TVD","2","7.2","0.5","18","1","1","0","0","3923.35","3923.35","0","0","3124.66","3124.66","0","89.999961495","90.684","90.684","37.209797263608","37.209797263608","21.664","8.153","3824.45","3556.25","3123.6225913793","3108.81","-10.043","0","184.119","0.99960963169997","7068160.228","7068677.7637","0.99992678465234","0.99992678465234"
"806_URM","806_URM","1","18","349","MD/TVD","2","5.7","0.5","18","","","0","0","3450","3450","0","0","3074.38","3074.38","","","64.469","64.469","26.985089702657","26.985089702657","5.03","1.647","3423.3333333333","3440","3062.1394444444","3070.07","0","0","0","1","5536264.2","5533634.1597","1.0004752826486","1.0004752826486"
"SB_1002_AR","SB_1002_AR","1","20","364","MD/TVD","2","4.7","0.05","20","","","0","0","3585","3585","0","0","3069.69","3069.69","0","84.375950721","84.376","84.376","31.100850815709","31.100850815709","8.987","5.227","3551.6666666667","3580.1333333333","3063.8607407407","3069.2130666667","0","0","0","1","6042083.575","6043891.4291","0.99970087912379","0.99970087912379"
"SB_1105_AR","SB_1105_AR","1","20","337","MD/TVD","2","3.9","0.05","20","","","0","0","3350","3350","0","0","3115.18","3115.14","","","69.635","69.879","21.580070309281","21.581930283607","4.396","2.921","3336.6666666667","3320","3110.5383333333","3104.69","0.053","0","0.115","0.99999999979667","5498491.4","5498276.93","1.0000390067657","1.0000390067657"
"SB_1105_AR_13","SB_1105_AR_13","1","20","337","MD/TVD","2","3.9","0.05","20","","","0","0","3350","3350","0","0","3115.18","3115.14","","","69.635","69.879","21.580070309281","21.581930283607","4.396","2.921","3336.6666666667","3320","3110.5383333333","3104.69","0.053","0","0.115","0.99999999979667","5498491.4","5498276.93","1.0000390067657","1.0000390067657"
"SB_1111_AR","SB_1111_AR","1","19","327","MD/TVD","2","3","0.05","20","","","0","0","3357","3357","0","0","3146.53","3146.53","","","24.093","25.973","20.396358647892","20.396358647892","2.081","1.202","3216.6666666667","530","3006.9566666667","526.237","0","0","0","1","5288468.23","5286449.8","1.0003818120055","1.0003818120055"
"SB_1211_AR","SB_1211_AR","1","19","198","MD/TVD","2","4.7","0.05","20","","","0","0","3974.87","3974.87","0","0","3096.33","3096.33","","","89.883","90.929","38.833047371967","38.833047371967","2.355","3.635","3485.2","3346.01","3075.525287727","3024.4482495948","1.462","0","27.77","0.99999007073506","7272493.57095","7270392.2041","1.0002890307415","1.0002890307415"
"SB_1217_AR","SB_1217_AR","1","17","372","MD/TVD","2","5.1","0.05","20","","","0","0","3590","3709.21","0","0","3060.85","3072.34","","","76.002","88.693","31.503915372816","34.075461700471","1.528","1.673","2946.6666666667","3699.7366666667","2741.75","3072.12289","0","0","0","1","5990696.6","6348603.23435","0.94362434993362","1.0013170133404"
"SB_1224_AR","SB_1224_AR","1","20","394","MD/TVD","2","5.3","0.05","20","","","0","0","3924","3924","0","0","3062.26","3062.26","","","88.711","88.711","38.703477578421","38.703477578421","10.853","1.213","3884.6666666667","2900","3060.7952121212","2639.41","0","0","0","1","6869330.46","6848140.31","1.0030942926168","1.0030942926168"
"SB_1225_AR","SB_1225_AR","1","20","403","MD/TVD","2","5.3","0.05","20","1","1","0","0","4014","4014","0","0","3069.08","3069.08","","","91.003","91.776","40.129121026708","40.129121026708","12.081","1.466","3941.3333333333","180","3069.6241269841","179.92","-1.8","0","254","0.99888264467292","7066296.16","7071448.71","0.99927135864074","0.99927135864074"
"SB_201_UTBG","SB_201_UTBG","1","20","347","MD/TVD","2","5.7","0.05","20","","","0","0","3450","3450","0","0","3003.19","3003.19","","","73.366","73.366","29.484386198269","29.484386198269","6.199","6.651","3440.6666666667","3437.3333333333","3000.4955555556","2999.504","0","0","0","1","5543102.52","5539832.98","1.0005901874681","1.0005901874681"
"SB_208_UTBG","SB_208_UTBG","1","20","361","MD/TVD","2","4.5","0.5","20","","","0","0","3590","3590","0","0","3030.4","3030.4","","","74.477","75.522","32.42195275194","32.42195275194","2.424","1.414","330","3010","329.9","2781.8","0","0","0","1","6003744.5","6003926.5","0.99996968650432","0.99996960322802"
"SB_216_UTBG","SB_216_UTBG","1","18","402","MD/TVD","2","6.4","0.5","18","1","1","0","0","3960","3960","-126.56","-126.56","2951.11","2951.11","","","91.28","93.555","38.996045569116","38.996045569116","5.005","1.486","3883.3333333333","2940","2952.6888888889","2622.63","11.573","0","321.678","0.99687959101233","6653683.5","6651777.305","1.000286569275","1.000286569275"
"SB_47_AR","SB_47_AR","1","5","307","MD/TVD","2","2.7","0.05","20","","","0","0","3054","3054","0","0","3053.88","3053.88","","","0.573","2.563","0.50791981860619","0.50791981860619","0.405","0.915","2104.6666666667","3048","2104.5832816901","3047.88","0","0","0","1","4663271.82","4663299.52","0.99999405999982","0.99999405999982"
